driver_id,raw_score,win_probability,predicted_rank,year,round,actual_position
rosberg,4.0369754,33.859116,1,2016,1,1
hamilton,3.647709,22.941368,2,2016,1,2
vettel,3.191718,14.540691,3,2016,1,3
ricciardo,2.541028,7.5856695,4,2016,1,4
massa,2.2549443,5.698353,5,2016,1,5
grosjean,1.875072,3.8973815,6,2016,1,6
hulkenberg,1.6242929,3.0329194,7,2016,1,7
bottas,1.3231211,2.244211,8,2016,1,8
sainz,1.0241956,1.6643399,9,2016,1,9
max_verstappen,0.6774713,1.1766883,10,2016,1,10
jolyon_palmer,0.04888595,0.6275819,11,2016,1,11
kevin_magnussen,-0.07738799,0.55313396,12,2016,1,12
perez,-0.17841463,0.49998257,13,2016,1,13
button,-0.39286023,0.40348032,14,2016,1,14
nasr,-0.4606983,0.3770169,15,2016,1,15
wehrlein,-0.7482435,0.28280142,16,2016,1,16
raikkonen,-1.108461,0.1972609,17,2016,1,18
ericsson,-1.3626764,0.15298074,18,2016,1,17
haryanto,-1.4348111,0.14233409,19,2016,1,19
gutierrez,-1.5834081,0.122680105,20,2016,1,20
rosberg,2.7566028,29.63606,1,2016,2,1
raikkonen,2.2849274,18.491598,2,2016,2,2
hamilton,2.047589,14.584775,3,2016,2,3
ricciardo,1.1626182,6.0195184,4,2016,2,4
grosjean,1.0187926,5.213137,5,2016,2,5
max_verstappen,0.7601798,4.025177,6,2016,2,6
kvyat,0.6196035,3.4973052,7,2016,2,7
massa,0.3842394,2.7638607,8,2016,2,8
bottas,0.21994539,2.3451154,9,2016,2,9
vandoorne,0.16820854,2.2268717,10,2016,2,10
hulkenberg,-0.09257894,1.7156813,11,2016,2,15
perez,-0.24374011,1.4749868,12,2016,2,16
kevin_magnussen,-0.3115137,1.378334,13,2016,2,11
sainz,-0.3157273,1.3725384,14,2016,2,18
ericsson,-0.37603712,1.2922076,15,2016,2,12
wehrlein,-0.5130295,1.126775,16,2016,2,13
nasr,-0.682285,0.9513285,17,2016,2,14
button,-0.7913855,0.85299957,18,2016,2,20
haryanto,-1.0806178,0.6387586,19,2016,2,17
gutierrez,-1.5664079,0.39297134,20,2016,2,19
rosberg,2.4041789,23.612663,1,2016,3,1
vettel,2.0314884,16.266254,2,2016,3,2
ricciardo,1.6455045,11.057498,3,2016,3,4
raikkonen,1.5482132,10.032376,4,2016,3,5
kvyat,1.2139633,7.1819253,5,2016,3,3
massa,0.84730864,4.977426,6,2016,3,6
hamilton,0.46887895,3.4092193,7,2016,3,7
max_verstappen,0.41394773,3.2269967,8,2016,3,8
sainz,0.2652187,2.7810342,9,2016,3,9
bottas,0.17696191,2.5461085,10,2016,3,10
perez,-0.104266584,1.9219447,11,2016,3,11
hulkenberg,-0.1152318,1.9009856,12,2016,3,15
alonso,-0.14655454,1.8423644,13,2016,3,12
grosjean,-0.25795847,1.6481373,14,2016,3,19
button,-0.3148516,1.5569873,15,2016,3,13
gutierrez,-0.37128603,1.4715528,16,2016,3,14
ericsson,-0.4598097,1.346885,17,2016,3,16
kevin_magnussen,-0.4746545,1.3270385,18,2016,3,17
nasr,-0.7002743,1.0590053,19,2016,3,20
wehrlein,-0.9396162,0.83359146,20,2016,3,18
rosberg,2.3230164,27.303547,1,2016,4,1
hamilton,1.314865,9.962871,2,2016,4,2
raikkonen,1.2261267,9.116873,3,2016,4,3
bottas,0.9348156,6.8128867,4,2016,4,4
massa,0.9067335,6.624227,5,2016,4,5
alonso,0.76989424,5.777057,6,2016,4,6
kevin_magnussen,0.37747625,3.90195,7,2016,4,7
ricciardo,0.28578988,3.5601053,8,2016,4,11
perez,0.21304466,3.3103201,9,2016,4,9
vettel,0.18401635,3.2156088,10,2016,4,20
grosjean,0.15451086,3.122116,11,2016,4,8
button,0.07693466,2.8890703,12,2016,4,10
kvyat,0.0143309105,2.713749,13,2016,4,15
sainz,-0.10435619,2.4100416,14,2016,4,12
max_verstappen,-0.17269453,2.2508452,15,2016,4,19
gutierrez,-0.4240696,1.750551,16,2016,4,17
jolyon_palmer,-0.48114857,1.6534296,17,2016,4,13
ericsson,-0.71198726,1.312604,18,2016,4,14
nasr,-0.7208394,1.301036,19,2016,4,16
wehrlein,-0.97294074,1.0111209,20,2016,4,18
max_verstappen,1.9743268,18.809212,1,2016,5,1
raikkonen,1.816171,16.05774,2,2016,5,2
vettel,1.6897981,14.151463,3,2016,5,3
ricciardo,1.2501856,9.11759,4,2016,5,4
bottas,1.0268054,7.292346,5,2016,5,5
sainz,0.6359917,4.9333167,6,2016,5,6
perez,0.548171,4.518549,7,2016,5,7
massa,0.28596064,3.4763415,8,2016,5,8
button,0.107169405,2.9071968,9,2016,5,9
kvyat,0.022827735,2.6720545,10,2016,5,10
hulkenberg,-0.15721822,2.2317848,11,2016,5,20
alonso,-0.28621495,1.961687,12,2016,5,19
gutierrez,-0.3100827,1.9154204,13,2016,5,11
jolyon_palmer,-0.3473478,1.8453557,14,2016,5,13
grosjean,-0.42746878,1.703272,15,2016,5,18
kevin_magnussen,-0.53363657,1.5317076,16,2016,5,14
ericsson,-0.59491014,1.4406722,17,2016,5,12
nasr,-0.6837595,1.318191,18,2016,5,15
wehrlein,-0.8479241,1.1186202,19,2016,5,16
haryanto,-0.9625327,0.9974902,20,2016,5,17
hamilton,2.3803506,25.050005,1,2016,6,1
ricciardo,1.9911038,16.973059,2,2016,6,2
rosberg,1.6896949,12.556248,3,2016,6,7
vettel,1.2132292,7.797107,4,2016,6,4
perez,0.9022075,5.712924,5,2016,6,3
alonso,0.78334886,5.0726953,6,2016,6,5
hulkenberg,0.5748675,4.1180964,7,2016,6,6
sainz,0.09237708,2.5418715,8,2016,6,8
massa,0.062734716,2.4676297,9,2016,6,10
bottas,0.02956529,2.3871229,10,2016,6,12
max_verstappen,-0.013210698,2.2871642,11,2016,6,18
button,-0.07062316,2.1595511,12,2016,6,9
gutierrez,-0.25091556,1.8032813,13,2016,6,11
grosjean,-0.316978,1.6880019,14,2016,6,13
kvyat,-0.37148452,1.5984572,15,2016,6,20
ericsson,-0.52932304,1.3650627,16,2016,6,16
kevin_magnussen,-0.5941938,1.2793211,17,2016,6,19
haryanto,-0.7591237,1.0848044,18,2016,6,15
wehrlein,-0.7945389,1.0470583,19,2016,6,14
nasr,-0.83003765,1.0105412,20,2016,6,17
hamilton,2.8081381,33.83635,1,2016,7,1
rosberg,2.1129584,16.883825,2,2016,7,5
vettel,1.5559008,9.672613,3,2016,7,2
ricciardo,1.1386263,6.3727036,4,2016,7,7
max_verstappen,0.9303955,5.174761,5,2016,7,4
bottas,0.79696035,4.5283513,6,2016,7,3
raikkonen,0.605097,3.7377906,7,2016,7,6
hulkenberg,0.2721309,2.6792276,8,2016,7,8
perez,0.05423582,2.1546614,9,2016,7,10
massa,-0.0274827,1.9855876,10,2016,7,20
alonso,-0.13848521,1.7769747,11,2016,7,11
sainz,-0.16956174,1.722602,12,2016,7,9
kvyat,-0.22953683,1.6223258,13,2016,7,12
grosjean,-0.3017759,1.5092633,14,2016,7,14
gutierrez,-0.43017974,1.327394,15,2016,7,13
kevin_magnussen,-0.5010532,1.2365738,16,2016,7,16
ericsson,-0.595669,1.1249387,17,2016,7,15
wehrlein,-0.7735312,0.94163877,18,2016,7,17
nasr,-0.79941875,0.91757476,19,2016,7,18
haryanto,-0.9429928,0.7948551,20,2016,7,19
rosberg,1.8574392,20.49094,1,2016,8,1
vettel,1.2025428,10.644959,2,2016,8,2
perez,1.0843451,9.458263,3,2016,8,3
ricciardo,1.0357926,9.01001,4,2016,8,7
raikkonen,0.8296763,7.3317914,5,2016,8,4
hamilton,0.6350975,6.0353947,6,2016,8,5
bottas,0.50601804,5.304533,7,2016,8,6
max_verstappen,0.24170005,4.072446,8,2016,8,8
massa,0.1610746,3.7569907,9,2016,8,10
hulkenberg,0.052830245,3.3715546,10,2016,8,9
grosjean,-0.16481996,2.7121007,11,2016,8,13
alonso,-0.26481798,2.4540153,12,2016,8,19
button,-0.2803908,2.4160953,13,2016,8,11
nasr,-0.324376,2.3121264,14,2016,8,12
gutierrez,-0.42566422,2.089405,15,2016,8,16
kevin_magnussen,-0.46464047,2.0095346,16,2016,8,14
jolyon_palmer,-0.5524344,1.8406326,17,2016,8,15
ericsson,-0.6601608,1.6526544,18,2016,8,17
haryanto,-0.7224076,1.5529183,19,2016,8,18
wehrlein,-0.7680419,1.4836445,20,2016,8,20
hamilton,2.4536843,29.06794,1,2016,9,1
rosberg,2.084014,20.084845,2,2016,9,4
raikkonen,1.056981,7.191735,3,2016,9,3
max_verstappen,0.750429,5.292974,4,2016,9,2
button,0.64846325,4.7798767,5,2016,9,6
ricciardo,0.43632755,3.8662267,6,2016,9,5
grosjean,0.4264441,3.8282032,7,2016,9,7
bottas,0.15873307,2.9290688,8,2016,9,9
sainz,0.10585304,2.7782037,9,2016,9,8
wehrlein,0.020984827,2.5521507,10,2016,9,10
massa,-0.03298696,2.418058,11,2016,9,20
hulkenberg,-0.16098413,2.1275423,12,2016,9,19
perez,-0.19758031,2.0510895,13,2016,9,17
gutierrez,-0.2633656,1.920501,14,2016,9,11
alonso,-0.30611888,1.8401233,15,2016,9,18
jolyon_palmer,-0.34380057,1.7720748,16,2016,9,12
kevin_magnussen,-0.4518422,1.5905966,17,2016,9,14
ericsson,-0.5496498,1.4423906,18,2016,9,15
nasr,-0.62489194,1.3378443,19,2016,9,13
haryanto,-0.79500693,1.1285622,20,2016,9,16
hamilton,2.218048,23.138628,1,2016,10,1
rosberg,2.2041032,22.818201,2,2016,10,3
ricciardo,0.96732754,6.624553,3,2016,10,4
max_verstappen,0.9124049,6.2705264,4,2016,10,2
raikkonen,0.7905047,5.5508995,5,2016,10,5
hulkenberg,0.52570087,4.2595186,6,2016,10,7
perez,0.3885566,3.7136376,7,2016,10,6
sainz,0.28238386,3.3395607,8,2016,10,8
vettel,0.17964643,3.0134988,9,2016,10,9
alonso,0.07195804,2.705843,10,2016,10,13
massa,-0.0040634815,2.507765,11,2016,10,11
bottas,-0.06742892,2.3537893,12,2016,10,14
grosjean,-0.07541983,2.3350549,13,2016,10,20
kvyat,-0.110809475,2.2538633,14,2016,10,10
button,-0.3273071,1.8151138,15,2016,10,12
gutierrez,-0.39866048,1.6901122,16,2016,10,16
kevin_magnussen,-0.40542257,1.6787218,17,2016,10,17
jolyon_palmer,-0.50473154,1.5200204,18,2016,10,18
nasr,-0.63310343,1.3368979,19,2016,10,15
haryanto,-0.8522606,1.0737903,20,2016,10,19
hamilton,1.9878906,22.120914,1,2016,11,1
rosberg,1.71063,16.76449,2,2016,11,2
ricciardo,1.0162646,8.372039,3,2016,11,3
max_verstappen,0.9063409,7.5005317,4,2016,11,5
vettel,0.50779647,5.035079,5,2016,11,4
alonso,0.42867878,4.6520667,6,2016,11,7
sainz,0.27222812,3.9783254,7,2016,11,8
raikkonen,0.19341026,3.6768014,8,2016,11,6
bottas,0.015171459,3.0765362,9,2016,11,9
hulkenberg,-0.05566169,2.8661542,10,2016,11,10
perez,-0.07702802,2.805565,11,2016,11,11
grosjean,-0.077698305,2.803685,12,2016,11,14
kvyat,-0.1603747,2.5812094,13,2016,11,16
massa,-0.19439922,2.4948626,14,2016,11,18
gutierrez,-0.33533344,2.1669042,15,2016,11,13
jolyon_palmer,-0.41610855,1.9987546,16,2016,11,12
kevin_magnussen,-0.4759208,1.88271,17,2016,11,15
nasr,-0.49316487,1.8505225,18,2016,11,17
wehrlein,-0.5133597,1.8135264,19,2016,11,19
ericsson,-0.6643826,1.5593207,20,2016,11,20
hamilton,2.1568632,25.563663,1,2016,12,1
rosberg,1.5143359,13.445501,2,2016,12,4
ricciardo,1.0998911,8.883536,3,2016,12,2
max_verstappen,0.85737693,6.9704914,4,2016,12,3
raikkonen,0.6535564,5.685193,5,2016,12,6
hulkenberg,0.5126388,4.937936,6,2016,12,7
vettel,0.43869507,4.5859795,7,2016,12,5
button,0.13624254,3.3890553,8,2016,12,8
bottas,0.09844761,3.263357,9,2016,12,9
perez,0.046094485,3.0969045,10,2016,12,10
alonso,0.00992864,2.9869041,11,2016,12,12
grosjean,-0.077140324,2.7378376,12,2016,12,13
sainz,-0.12514006,2.6095266,13,2016,12,14
gutierrez,-0.33392084,2.1178212,14,2016,12,11
kvyat,-0.38946155,2.0034027,15,2016,12,15
kevin_magnussen,-0.40784162,1.9669162,16,2016,12,16
wehrlein,-0.60428065,1.6161196,17,2016,12,17
jolyon_palmer,-0.6418286,1.5565629,18,2016,12,19
ericsson,-0.6860625,1.4892107,19,2016,12,18
haryanto,-0.9943924,1.0940827,20,2016,12,20
rosberg,1.8198289,19.136967,1,2016,13,1
hamilton,1.4695271,13.481524,2,2016,13,3
vettel,1.0040128,8.463864,3,2016,13,6
ricciardo,0.7756501,6.735844,4,2016,13,2
max_verstappen,0.69908756,6.239378,5,2016,13,11
hulkenberg,0.5942546,5.618404,6,2016,13,4
perez,0.5555486,5.4050927,7,2016,13,5
raikkonen,0.39262655,4.5924773,8,2016,13,9
alonso,0.25511053,4.0024376,9,2016,13,7
bottas,0.18400374,3.7277195,10,2016,13,8
massa,0.13030072,3.5328102,11,2016,13,10
grosjean,-0.15119149,2.6660595,12,2016,13,13
kevin_magnussen,-0.24381395,2.4302135,13,2016,13,18
kvyat,-0.2576572,2.3968031,14,2016,13,14
gutierrez,-0.28557268,2.3308206,15,2016,13,12
sainz,-0.3760525,2.1291873,16,2016,13,20
ocon,-0.46412498,1.9496852,17,2016,13,16
jolyon_palmer,-0.50223976,1.8767718,18,2016,13,15
nasr,-0.6223964,1.6642866,19,2016,13,17
ericsson,-0.64957833,1.6196576,20,2016,13,19
rosberg,1.8767918,19.869247,1,2016,14,1
hamilton,1.8110945,18.605848,2,2016,14,2
vettel,1.0900091,9.046614,3,2016,14,3
raikkonen,0.5978066,5.5300007,4,2016,14,4
max_verstappen,0.48024306,4.9166355,5,2016,14,7
ricciardo,0.47253338,4.8788753,6,2016,14,5
bottas,0.46889764,4.86117,7,2016,14,6
perez,0.11896861,3.4258513,8,2016,14,8
massa,0.06847004,3.2571461,9,2016,14,9
hulkenberg,-0.001805315,3.036107,10,2016,14,10
alonso,-0.07673878,2.8169155,11,2016,14,14
button,-0.09710267,2.7601323,12,2016,14,12
grosjean,-0.123395324,2.688507,13,2016,14,11
gutierrez,-0.26549953,2.332363,14,2016,14,13
kvyat,-0.28455186,2.2883468,15,2016,14,19
kevin_magnussen,-0.3660289,2.109292,16,2016,14,17
sainz,-0.3833609,2.0730486,17,2016,14,15
ocon,-0.417703,2.0030646,18,2016,14,18
wehrlein,-0.5183111,1.8113458,19,2016,14,20
ericsson,-0.58796084,1.6894795,20,2016,14,16
rosberg,1.7128569,19.592258,1,2016,15,1
hamilton,1.0982505,10.596546,2,2016,15,3
ricciardo,0.96945846,9.316026,3,2016,15,2
max_verstappen,0.94684976,9.107766,4,2016,15,6
raikkonen,0.5028936,5.842572,5,2016,15,4
alonso,0.40093634,5.2762413,6,2016,15,7
vettel,0.37612867,5.1469607,7,2016,15,5
bottas,0.15166125,4.1121206,8,2016,15,20
perez,0.14408813,4.0810966,9,2016,15,8
kvyat,0.098199755,3.898054,10,2016,15,9
sainz,-0.032178465,3.4215684,11,2016,15,14
massa,-0.09658632,3.20814,12,2016,15,12
button,-0.20029838,2.8920894,13,2016,15,19
kevin_magnussen,-0.29283586,2.6364725,14,2016,15,10
gutierrez,-0.5071969,2.1277835,15,2016,15,11
wehrlein,-0.6208796,1.899134,16,2016,15,16
ericsson,-0.6559294,1.8337226,17,2016,15,17
nasr,-0.70188445,1.751361,18,2016,15,13
jolyon_palmer,-0.7362191,1.6922493,19,2016,15,15
ocon,-0.8125796,1.5678389,20,2016,15,18
rosberg,2.0317006,25.081995,1,2016,16,3
ricciardo,0.9926532,8.873796,2,2016,16,1
max_verstappen,0.95099545,8.511729,3,2016,16,2
raikkonen,0.9227673,8.274818,4,2016,16,4
hamilton,0.77501833,7.1382523,5,2016,16,18
perez,0.30749223,4.4724746,6,2016,16,6
bottas,0.2529633,4.2351255,7,2016,16,5
hulkenberg,0.115377106,3.6907394,8,2016,16,8
alonso,0.08940332,3.5961106,9,2016,16,7
button,0.04185137,3.429111,10,2016,16,9
massa,-0.04926962,3.1304603,11,2016,16,13
jolyon_palmer,-0.1360095,2.8703678,12,2016,16,10
sainz,-0.18355174,2.7370968,13,2016,16,11
kvyat,-0.25045604,2.5599647,14,2016,16,14
kevin_magnussen,-0.30089453,2.4340463,15,2016,16,20
gutierrez,-0.43970734,2.118572,16,2016,16,19
ericsson,-0.56190133,1.874887,17,2016,16,12
wehrlein,-0.66245645,1.6955262,18,2016,16,15
nasr,-0.6953278,1.6406981,19,2016,16,17
ocon,-0.6992797,1.6342269,20,2016,16,16
rosberg,1.807764,21.577835,1,2016,17,1
hamilton,0.9672012,9.310137,2,2016,17,3
max_verstappen,0.8188512,8.026543,3,2016,17,2
raikkonen,0.7590045,7.5602717,4,2016,17,5
vettel,0.54908615,6.128737,5,2016,17,4
ricciardo,0.51961476,5.95075,6,2016,17,6
perez,0.3523657,5.034269,7,2016,17,7
hulkenberg,0.13610609,4.0552354,8,2016,17,8
bottas,0.11544332,3.9723024,9,2016,17,10
massa,0.043869745,3.697927,10,2016,17,9
grosjean,-0.13745609,3.0846756,11,2016,17,11
kvyat,-0.18201533,2.9502423,12,2016,17,13
sainz,-0.20278293,2.889605,13,2016,17,17
button,-0.26036128,2.7279253,14,2016,17,18
kevin_magnussen,-0.32297242,2.562364,15,2016,17,14
jolyon_palmer,-0.36140907,2.4657435,16,2016,17,12
alonso,-0.37638497,2.4290924,17,2016,17,16
gutierrez,-0.48941085,2.1694894,18,2016,17,20
ericsson,-0.67655146,1.7992165,19,2016,17,15
nasr,-0.7891301,1.6076481,20,2016,17,19
hamilton,1.4887592,15.75808,1,2016,18,1
rosberg,1.4347546,14.929644,2,2016,18,2
ricciardo,0.68692493,7.067586,3,2016,18,3
vettel,0.64840955,6.800551,4,2016,18,4
max_verstappen,0.49764392,5.8488083,5,2016,18,20
alonso,0.40684453,5.341137,6,2016,18,5
raikkonen,0.34913018,5.041604,7,2016,18,19
sainz,0.3157697,4.876188,8,2016,18,6
perez,0.21014327,4.387402,9,2016,18,8
massa,0.15238886,4.1411886,10,2016,18,7
bottas,0.04801877,3.7307632,11,2016,18,16
grosjean,-0.09859518,3.2219887,12,2016,18,10
button,-0.13043422,3.1210198,13,2016,18,9
kvyat,-0.1462105,3.0721676,14,2016,18,11
jolyon_palmer,-0.29806817,2.639332,15,2016,18,13
kevin_magnussen,-0.33154082,2.552449,16,2016,18,12
ericsson,-0.50021243,2.1562738,17,2016,18,14
wehrlein,-0.6606445,1.8366616,18,2016,18,17
nasr,-0.6853119,1.7919099,19,2016,18,15
ocon,-0.7466827,1.6852455,20,2016,18,18
hamilton,2.0483217,23.338337,1,2016,19,1
rosberg,1.6746439,16.06141,2,2016,19,2
ricciardo,0.85070384,7.046137,3,2016,19,3
max_verstappen,0.76679015,6.478998,4,2016,19,4
vettel,0.5945256,5.453738,5,2016,19,5
hulkenberg,0.5323603,5.1250277,6,2016,19,7
raikkonen,0.35270372,4.2822533,7,2016,19,6
bottas,0.21797234,3.7424781,8,2016,19,8
perez,0.10316667,3.3365667,9,2016,19,10
massa,0.094924435,3.309179,10,2016,19,9
alonso,-0.06878302,2.8094609,11,2016,19,13
sainz,-0.11479778,2.6831136,12,2016,19,16
button,-0.26784304,2.3023553,13,2016,19,12
kevin_magnussen,-0.31077743,2.2055972,14,2016,19,17
kvyat,-0.33440024,2.1541052,15,2016,19,18
grosjean,-0.3821704,2.0536225,16,2016,19,20
jolyon_palmer,-0.40721393,2.0028312,17,2016,19,14
gutierrez,-0.4143325,1.9886249,18,2016,19,19
ericsson,-0.43267214,1.9524863,19,2016,19,11
nasr,-0.586757,1.6736699,20,2016,19,15
hamilton,2.0819244,24.031288,1,2016,20,1
rosberg,1.7046067,16.478209,2,2016,20,2
max_verstappen,0.79646987,6.6452494,3,2016,20,3
vettel,0.588842,5.3993263,4,2016,20,5
ricciardo,0.53947145,5.139232,5,2016,20,8
perez,0.4120225,4.524263,6,2016,20,4
hulkenberg,0.2535697,3.8612928,7,2016,20,7
sainz,0.18058349,3.5895104,8,2016,20,6
alonso,0.174,3.5659564,9,2016,20,10
bottas,0.11912161,3.3755348,10,2016,20,11
nasr,0.0884958,3.2737236,11,2016,20,9
raikkonen,0.07968593,3.2450092,12,2016,20,20
kvyat,-0.16424258,2.5426066,13,2016,20,13
massa,-0.1710698,2.5253065,14,2016,20,18
kevin_magnussen,-0.2564362,2.3186755,15,2016,20,14
button,-0.3637909,2.0826507,16,2016,20,16
ocon,-0.41808644,1.9725866,17,2016,20,12
gutierrez,-0.42946783,1.9502633,18,2016,20,17
jolyon_palmer,-0.49882653,1.8195801,19,2016,20,19
wehrlein,-0.5907777,1.6597294,20,2016,20,15
hamilton,2.2083118,26.49661,1,2016,21,1
rosberg,1.7301624,16.426033,2,2016,21,2
vettel,0.78232175,6.3663526,3,2016,21,3
ricciardo,0.7694989,6.2852397,4,2016,21,5
raikkonen,0.7454121,6.135657,5,2016,21,6
max_verstappen,0.5977941,5.293602,6,2016,21,4
hulkenberg,0.37723246,4.2458305,7,2016,21,7
perez,0.21481498,3.6093223,8,2016,21,8
alonso,0.11140896,3.2547452,9,2016,21,10
massa,-0.014315698,2.870222,10,2016,21,9
grosjean,-0.17422704,2.4460583,11,2016,21,11
kvyat,-0.2512461,2.2647376,12,2016,21,19
gutierrez,-0.28213254,2.1958568,13,2016,21,12
button,-0.36257702,2.026131,14,2016,21,20
sainz,-0.38729393,1.9766648,15,2016,21,18
ocon,-0.47898257,1.8034875,16,2016,21,13
nasr,-0.5008795,1.764426,17,2016,21,16
jolyon_palmer,-0.5670801,1.6514026,18,2016,21,17
wehrlein,-0.5837271,1.6241392,19,2016,21,14
ericsson,-0.8348344,1.2634811,20,2016,21,15
vettel,3.9862866,37.83422,1,2017,1,1
hamilton,3.2398133,17.93476,2,2017,1,2
bottas,2.913206,12.937544,3,2017,1,3
raikkonen,2.5881386,9.347098,4,2017,1,4
max_verstappen,2.1546016,6.0589046,5,2017,1,5
massa,1.7458897,4.0261755,6,2017,1,6
perez,1.5122954,3.1874545,7,2017,1,7
sainz,1.2029909,2.339456,8,2017,1,8
kvyat,0.7929775,1.5525597,9,2017,1,9
ocon,0.620904,1.3071266,10,2017,1,10
hulkenberg,0.04587922,0.73550826,11,2017,1,11
giovinazzi,-0.09702714,0.6375645,12,2017,1,12
vandoorne,-0.25092566,0.54662174,13,2017,1,13
alonso,-0.7659746,0.32659084,14,2017,1,14
kevin_magnussen,-1.0516299,0.24544,15,2017,1,15
stroll,-1.1530782,0.22176197,16,2017,1,16
ricciardo,-1.198637,0.21188541,17,2017,1,17
ericsson,-1.2289772,0.2055533,18,2017,1,18
jolyon_palmer,-1.3651063,0.17939259,19,2017,1,19
grosjean,-1.4524918,0.16438165,20,2017,1,20
vettel,2.5750988,26.283148,1,2017,2,2
hamilton,2.2646165,19.268,2,2017,2,1
raikkonen,1.585728,9.772352,3,2017,2,5
bottas,1.4759883,8.756686,4,2017,2,6
max_verstappen,1.1952344,6.613174,5,2017,2,3
ricciardo,0.92492414,5.046795,6,2017,2,4
sainz,0.52513486,3.3836808,7,2017,2,7
kevin_magnussen,0.4008347,2.9881787,8,2017,2,8
perez,0.2449672,2.5569024,9,2017,2,9
ocon,0.08074451,2.1696672,10,2017,2,10
grosjean,-0.027693491,1.9467002,11,2017,2,11
hulkenberg,-0.23411211,1.5836259,12,2017,2,12
jolyon_palmer,-0.2507602,1.5574797,13,2017,2,13
massa,-0.2864345,1.5028974,14,2017,2,14
ericsson,-0.3799381,1.3687407,15,2017,2,15
kvyat,-0.4091118,1.3293865,16,2017,2,17
vandoorne,-0.45107055,1.274761,17,2017,2,18
giovinazzi,-0.46721634,1.2543442,18,2017,2,19
alonso,-0.8863698,0.8248607,19,2017,2,16
stroll,-1.3504062,0.5186236,20,2017,2,20
vettel,2.5791495,30.470171,1,2017,3,1
hamilton,2.0501204,17.952316,2,2017,3,2
bottas,1.4715953,10.066308,3,2017,3,3
raikkonen,0.84392786,5.373753,4,2017,3,4
ricciardo,0.78564453,5.069505,5,2017,3,5
massa,0.67437136,4.5356574,6,2017,3,6
grosjean,0.43576184,3.572839,7,2017,3,8
perez,0.34392995,3.2593534,8,2017,3,7
hulkenberg,0.046787046,2.4214964,9,2017,3,9
ocon,0.011092608,2.3365872,10,2017,3,10
wehrlein,-0.11674037,2.056197,11,2017,3,11
kvyat,-0.17060155,1.9483777,12,2017,3,12
jolyon_palmer,-0.3262849,1.6674806,13,2017,3,13
alonso,-0.41719994,1.5225688,14,2017,3,14
sainz,-0.43181613,1.5004761,15,2017,3,16
max_verstappen,-0.43568483,1.4946824,16,2017,3,18
kevin_magnussen,-0.45657018,1.4637893,17,2017,3,19
vandoorne,-0.53284496,1.3562908,18,2017,3,20
ericsson,-0.67245823,1.1795588,19,2017,3,15
stroll,-1.1218293,0.7525931,20,2017,3,17
bottas,2.3274364,21.897173,1,2017,4,1
vettel,2.3001997,21.308813,2,2017,4,2
hamilton,1.8930296,14.181675,3,2017,4,4
raikkonen,1.3026203,7.8580728,4,2017,4,3
max_verstappen,1.0420413,6.055472,5,2017,4,5
perez,0.5192392,3.590029,6,2017,4,6
ocon,0.41848487,3.245943,7,2017,4,7
hulkenberg,0.21819083,2.6567724,8,2017,4,8
massa,0.07963928,2.3130345,9,2017,4,9
sainz,-0.091636255,1.9489385,10,2017,4,10
stroll,-0.1026289,1.9276319,11,2017,4,11
kvyat,-0.12884346,1.877756,12,2017,4,12
kevin_magnussen,-0.14823586,1.8416932,13,2017,4,13
ricciardo,-0.2528101,1.6588277,14,2017,4,17
vandoorne,-0.42543566,1.3958248,15,2017,4,14
wehrlein,-0.45195267,1.359298,16,2017,4,16
ericsson,-0.4795564,1.3222896,17,2017,4,15
jolyon_palmer,-0.50194323,1.2930167,18,2017,4,18
grosjean,-0.54315394,1.2408133,19,2017,4,19
alonso,-0.73234415,1.0269333,20,2017,4,20
hamilton,2.308302,25.620512,1,2017,5,1
vettel,2.0839884,20.47244,2,2017,5,2
ricciardo,0.9053491,6.2993116,3,2017,5,3
perez,0.7447741,5.364834,4,2017,5,4
ocon,0.7089724,5.176162,5,2017,5,5
hulkenberg,0.39562201,3.7837412,6,2017,5,6
sainz,0.28290153,3.380396,7,2017,5,7
bottas,0.2559015,3.2903461,8,2017,5,17
wehrlein,0.24971227,3.2700446,9,2017,5,8
raikkonen,0.14735518,2.9518921,10,2017,5,20
grosjean,-0.012130513,2.5167308,11,2017,5,10
kvyat,-0.03445674,2.4611642,12,2017,5,9
massa,-0.044306446,2.4370413,13,2017,5,13
ericsson,-0.1846151,2.1180081,14,2017,5,11
alonso,-0.21994516,2.0444853,15,2017,5,12
kevin_magnussen,-0.2208224,2.042693,16,2017,5,14
jolyon_palmer,-0.32057866,1.8487554,17,2017,5,15
stroll,-0.35605386,1.78432,18,2017,5,16
vandoorne,-0.47371864,1.5862501,19,2017,5,18
max_verstappen,-0.49627757,1.5508665,20,2017,5,19
raikkonen,1.5775372,15.4436455,1,2017,6,2
vettel,1.5003417,14.29632,2,2017,6,1
bottas,1.2767231,11.431624,3,2017,6,4
ricciardo,0.9923743,8.6023445,4,2017,6,3
max_verstappen,0.9024432,7.862492,5,2017,6,5
sainz,0.5501503,5.5279155,6,2017,6,6
hamilton,0.28285325,4.2313185,7,2017,6,7
grosjean,0.17006692,3.7800128,8,2017,6,8
perez,0.048841327,3.3484645,9,2017,6,13
massa,-0.030352613,3.0935147,10,2017,6,9
kevin_magnussen,-0.063051626,2.9939954,11,2017,6,10
ocon,-0.10192254,2.8798492,12,2017,6,12
jolyon_palmer,-0.1949842,2.623938,13,2017,6,11
kvyat,-0.3087466,2.341786,14,2017,6,14
hulkenberg,-0.31802657,2.320155,15,2017,6,20
stroll,-0.3379507,2.2743852,16,2017,6,15
vandoorne,-0.34349746,2.2618048,17,2017,6,16
ericsson,-0.42916453,2.07611,18,2017,6,17
wehrlein,-0.5936487,1.7612288,19,2017,6,19
button,-1.3232424,0.84909683,20,2017,6,18
hamilton,2.2879624,25.857151,1,2017,7,1
vettel,1.7744138,15.4721,2,2017,7,4
bottas,1.1799252,8.5381975,3,2017,7,2
ricciardo,1.0110345,7.2113714,4,2017,7,3
raikkonen,0.82326525,5.976828,5,2017,7,7
perez,0.52579236,4.4389462,6,2017,7,5
ocon,0.5097557,4.368328,7,2017,7,6
stroll,0.12510873,2.9734812,8,2017,7,9
hulkenberg,-0.020767976,2.5698738,9,2017,7,8
grosjean,-0.031073073,2.5435266,10,2017,7,10
massa,-0.09212785,2.3928783,11,2017,7,19
alonso,-0.14662008,2.265974,12,2017,7,16
kevin_magnussen,-0.14740632,2.264193,13,2017,7,12
kvyat,-0.19216692,2.1650813,14,2017,7,17
sainz,-0.24873471,2.0460067,15,2017,7,20
max_verstappen,-0.2935784,1.9562831,16,2017,7,18
ericsson,-0.38237476,1.7900616,17,2017,7,13
jolyon_palmer,-0.3853421,1.7847577,18,2017,7,11
vandoorne,-0.3932684,1.7706672,19,2017,7,14
wehrlein,-0.48572358,1.6142998,20,2017,7,15
bottas,1.3278283,12.0594425,1,2017,8,2
ricciardo,1.2247624,10.878431,2,2017,8,1
hamilton,1.1484164,10.078818,3,2017,8,5
stroll,1.0528613,9.160318,4,2017,8,3
vettel,0.8194736,7.2535663,5,2017,8,4
raikkonen,0.7060633,6.4758697,6,2017,8,14
ocon,0.525123,5.4040174,7,2017,8,6
kevin_magnussen,0.4006725,4.7716503,8,2017,8,7
sainz,0.22918609,4.019694,9,2017,8,8
alonso,0.19930345,3.9013524,10,2017,8,9
perez,0.0971347,3.5224419,11,2017,8,15
max_verstappen,0.013788465,3.2407608,12,2017,8,18
massa,-0.013945548,3.1521163,13,2017,8,16
wehrlein,-0.19204709,2.6378722,14,2017,8,10
grosjean,-0.25492126,2.4771242,15,2017,8,13
hulkenberg,-0.30558604,2.3547478,16,2017,8,17
kvyat,-0.34185058,2.2708838,17,2017,8,19
ericsson,-0.36592263,2.2168717,18,2017,8,11
vandoorne,-0.40812266,2.125266,19,2017,8,12
jolyon_palmer,-0.46949598,1.9987533,20,2017,8,20
bottas,1.4550599,14.431347,1,2017,9,1
vettel,1.3868039,13.479185,2,2017,9,2
hamilton,1.3177772,12.580149,3,2017,9,4
raikkonen,0.66985255,6.5810575,4,2017,9,5
ricciardo,0.6595349,6.5135045,5,2017,9,3
perez,0.4565155,5.316729,6,2017,9,7
ocon,0.4028479,5.0389147,7,2017,9,8
grosjean,0.3270215,4.6709585,8,2017,9,6
massa,-0.0064996853,3.3462596,9,2017,9,9
stroll,-0.13261363,2.9497755,10,2017,9,10
vandoorne,-0.17937806,2.8150072,11,2017,9,12
hulkenberg,-0.19675414,2.766516,12,2017,9,13
sainz,-0.21074103,2.72809,13,2017,9,17
kvyat,-0.23032351,2.6751869,14,2017,9,16
alonso,-0.23368274,2.666216,15,2017,9,19
kevin_magnussen,-0.27634418,2.5548632,16,2017,9,18
max_verstappen,-0.32134482,2.4424412,17,2017,9,20
jolyon_palmer,-0.35973036,2.3504636,18,2017,9,11
wehrlein,-0.48818383,2.0671253,19,2017,9,14
ericsson,-0.50817776,2.0262058,20,2017,9,15
hamilton,2.1535082,23.763643,1,2017,10,1
bottas,1.5307959,12.748894,2,2017,10,2
vettel,1.3059767,10.18204,3,2017,10,7
max_verstappen,0.8548311,6.4849215,4,2017,10,4
raikkonen,0.81622106,6.2393103,5,2017,10,3
hulkenberg,0.62627435,5.1599298,6,2017,10,6
ocon,0.40839592,4.1497355,7,2017,10,8
ricciardo,0.23598664,3.4925609,8,2017,10,5
perez,0.107745826,3.0722017,9,2017,10,9
massa,0.0015473713,2.7626655,10,2017,10,10
vandoorne,-0.032639794,2.669814,11,2017,10,11
kvyat,-0.04283077,2.6427443,12,2017,10,15
kevin_magnussen,-0.09289527,2.513694,13,2017,10,12
grosjean,-0.12431248,2.4359486,14,2017,10,13
stroll,-0.18300879,2.2970827,15,2017,10,16
sainz,-0.20340773,2.250699,16,2017,10,19
alonso,-0.24748959,2.1536388,17,2017,10,18
jolyon_palmer,-0.48033336,1.7062798,18,2017,10,20
ericsson,-0.51245475,1.6523423,19,2017,10,14
wehrlein,-0.5310814,1.6218497,20,2017,10,17
vettel,2.1428444,25.277727,1,2017,11,1
hamilton,1.5880934,14.514854,2,2017,11,4
raikkonen,0.99560165,8.025957,3,2017,11,2
bottas,0.7289109,6.147159,4,2017,11,3
max_verstappen,0.5537656,5.159527,5,2017,11,5
alonso,0.4801038,4.7931266,6,2017,11,6
sainz,0.3854081,4.360067,7,2017,11,7
perez,0.18896294,3.5824327,8,2017,11,8
ocon,0.11262644,3.3191402,9,2017,11,9
vandoorne,0.10372272,3.2897186,10,2017,11,10
hulkenberg,0.06514388,3.1652212,11,2017,11,17
grosjean,-0.14519997,2.564797,12,2017,11,19
kvyat,-0.17110057,2.49922,13,2017,11,11
ricciardo,-0.21651308,2.3882625,14,2017,11,20
kevin_magnussen,-0.21962439,2.3808436,15,2017,11,13
jolyon_palmer,-0.38720882,2.013492,16,2017,11,12
stroll,-0.39121893,2.0054336,17,2017,11,14
wehrlein,-0.42934698,1.9304097,18,2017,11,15
ericsson,-0.5914299,1.6415639,19,2017,11,16
resta,-1.1478497,0.94103914,20,2017,11,18
hamilton,2.0207334,22.570103,1,2017,12,1
vettel,1.8441685,18.917006,2,2017,12,2
raikkonen,0.7938409,6.6176066,3,2017,12,4
bottas,0.6366045,5.6547585,4,2017,12,5
ricciardo,0.5004315,4.93486,5,2017,12,3
hulkenberg,0.40440175,4.48301,6,2017,12,6
grosjean,0.3845772,4.3950114,7,2017,12,7
max_verstappen,0.32385123,4.1360617,8,2017,12,19
massa,0.032370217,3.090284,9,2017,12,8
ocon,-0.047787532,2.8522422,10,2017,12,9
sainz,-0.08604795,2.7451754,11,2017,12,10
kvyat,-0.10970643,2.680991,12,2017,12,12
kevin_magnussen,-0.14947173,2.5764723,13,2017,12,15
perez,-0.18686463,2.4819095,14,2017,12,17
alonso,-0.24135986,2.3502762,15,2017,12,18
vandoorne,-0.36097226,2.0853167,16,2017,12,14
stroll,-0.3821902,2.041536,17,2017,12,11
jolyon_palmer,-0.41651338,1.9726534,18,2017,12,13
wehrlein,-0.47841564,1.8542442,19,2017,12,20
ericsson,-0.65089697,1.5604838,20,2017,12,16
hamilton,1.8175334,21.52508,1,2017,13,1
bottas,0.82733333,7.996618,2,2017,13,2
vettel,0.7296568,7.252471,3,2017,13,3
ricciardo,0.66354454,6.7885003,4,2017,13,4
ocon,0.6335068,6.5876207,5,2017,13,6
raikkonen,0.5239176,5.9038396,6,2017,13,5
stroll,0.45210552,5.4947376,7,2017,13,7
max_verstappen,0.41079295,5.2723613,8,2017,13,10
perez,0.24598289,4.4712515,9,2017,13,9
massa,0.05492959,3.69365,10,2017,13,8
kevin_magnussen,-0.15255618,3.001551,11,2017,13,11
hulkenberg,-0.25271046,2.715497,12,2017,13,13
sainz,-0.2538972,2.712276,13,2017,13,14
grosjean,-0.2806995,2.6405468,14,2017,13,15
vandoorne,-0.2944428,2.6045048,15,2017,13,19
kvyat,-0.33195454,2.5086153,16,2017,13,12
alonso,-0.36707574,2.4220386,17,2017,13,17
wehrlein,-0.37064227,2.4134157,18,2017,13,16
jolyon_palmer,-0.52528155,2.0676317,19,2017,13,20
ericsson,-0.5953073,1.9277976,20,2017,13,18
hamilton,1.7072054,18.967958,1,2017,14,1
bottas,1.0788431,10.118737,2,2017,14,3
ricciardo,0.77489036,7.466573,3,2017,14,2
max_verstappen,0.73397624,7.1672497,4,2017,14,19
raikkonen,0.54560417,5.936679,5,2017,14,20
sainz,0.49282238,5.6314573,6,2017,14,4
perez,0.43754205,5.328596,7,2017,14,5
jolyon_palmer,0.41258734,5.197268,8,2017,14,6
vandoorne,0.33488286,4.808709,9,2017,14,7
stroll,-0.0472669,3.2814286,10,2017,14,8
grosjean,-0.14841357,2.965757,11,2017,14,9
kevin_magnussen,-0.15090029,2.958391,12,2017,14,13
massa,-0.2422597,2.7000926,13,2017,14,11
vettel,-0.24737105,2.6863267,14,2017,14,18
ocon,-0.25245994,2.672691,15,2017,14,10
hulkenberg,-0.2548308,2.6663618,16,2017,14,14
alonso,-0.26153484,2.6485465,17,2017,14,17
kvyat,-0.28894836,2.5769262,18,2017,14,16
wehrlein,-0.368156,2.3806884,19,2017,14,12
ericsson,-0.6260165,1.8395653,20,2017,14,15
hamilton,1.9807659,23.867077,1,2017,15,2
max_verstappen,1.0131778,9.069451,2,2017,15,1
bottas,0.98408896,8.809432,3,2017,15,5
raikkonen,0.76759565,7.0945697,4,2017,15,20
ricciardo,0.5937619,5.962536,5,2017,15,3
vettel,0.50858015,5.475667,6,2017,15,4
vandoorne,0.42637905,5.0435643,7,2017,15,7
perez,0.3373151,4.613787,8,2017,15,6
ocon,0.21842082,4.0965896,9,2017,15,10
stroll,0.034874037,3.4096446,10,2017,15,8
massa,-0.14405222,2.8510344,11,2017,15,9
alonso,-0.2134498,2.6598885,12,2017,15,11
kevin_magnussen,-0.23309237,2.608151,13,2017,15,12
grosjean,-0.2694529,2.5150206,14,2017,15,13
gasly,-0.33376938,2.3583553,15,2017,15,14
hulkenberg,-0.38212007,2.2470405,16,2017,15,16
jolyon_palmer,-0.38830712,2.2331803,17,2017,15,15
sainz,-0.5209384,1.955793,18,2017,15,19
wehrlein,-0.6158939,1.778624,19,2017,15,17
ericsson,-0.89118946,1.3505942,20,2017,15,18
hamilton,2.0580611,23.806726,1,2017,16,1
bottas,1.4616239,13.112041,2,2017,16,4
ricciardo,0.8955237,7.444168,3,2017,16,3
max_verstappen,0.78451043,6.6619844,4,2017,16,2
vettel,0.71221846,6.197374,5,2017,16,19
raikkonen,0.6097053,5.5935407,6,2017,16,5
ocon,0.38733882,4.4783106,7,2017,16,6
perez,0.3251287,4.2082033,8,2017,16,7
kevin_magnussen,0.07411043,3.2740164,9,2017,16,8
massa,0.06684429,3.2503135,10,2017,16,10
alonso,-0.036790777,2.9303334,11,2017,16,11
grosjean,-0.1319377,2.6643746,12,2017,16,9
jolyon_palmer,-0.22081439,2.4377918,13,2017,16,12
vandoorne,-0.28112498,2.295113,14,2017,16,14
stroll,-0.30850866,2.2331173,15,2017,16,16
hulkenberg,-0.31643298,2.2154913,16,2017,16,17
gasly,-0.43513447,1.9675176,17,2017,16,13
sainz,-0.43546173,1.9668738,18,2017,16,20
wehrlein,-0.55446386,1.7462021,19,2017,16,15
ericsson,-0.6954959,1.5165094,20,2017,16,18
hamilton,1.6707145,17.478611,1,2017,17,1
vettel,1.3751308,13.005784,2,2017,17,2
bottas,1.3252652,12.373146,3,2017,17,5
raikkonen,0.90156126,8.09968,4,2017,17,3
max_verstappen,0.660705,6.365981,5,2017,17,4
ocon,0.4484411,5.148495,6,2017,17,6
sainz,0.19962305,4.0143943,7,2017,17,7
perez,0.172511,3.9070177,8,2017,17,8
massa,0.09856508,3.6285334,9,2017,17,9
kvyat,-0.089260094,3.0071816,10,2017,17,10
vandoorne,-0.21333763,2.6562774,11,2017,17,12
stroll,-0.25100762,2.5580769,12,2017,17,11
ricciardo,-0.32256043,2.3814342,13,2017,17,18
grosjean,-0.32950932,2.3649433,14,2017,17,14
brendon_hartley,-0.34102926,2.3378556,15,2017,17,13
kevin_magnussen,-0.3601124,2.2936652,16,2017,17,16
alonso,-0.38114867,2.2459188,17,2017,17,17
wehrlein,-0.43742526,2.1230168,18,2017,17,19
ericsson,-0.460994,2.0735648,19,2017,17,15
hulkenberg,-0.5294253,1.9364145,20,2017,17,20
bottas,1.6192086,16.550611,1,2017,18,2
hamilton,1.529338,15.1280775,2,2017,18,9
vettel,1.3755649,12.971819,3,2017,18,4
max_verstappen,0.7845981,7.1836853,4,2017,18,1
raikkonen,0.6374059,6.2004404,5,2017,18,3
ocon,0.3478112,4.641444,6,2017,18,5
stroll,0.2289989,4.121484,7,2017,18,6
perez,0.20874697,4.0388556,8,2017,18,7
kevin_magnussen,0.023776896,3.3568103,9,2017,18,8
massa,-0.057019245,3.0962605,10,2017,18,11
sainz,-0.1412674,2.8460925,11,2017,18,16
gasly,-0.26705366,2.509694,12,2017,18,13
vandoorne,-0.35207587,2.3051333,13,2017,18,12
alonso,-0.35284224,2.3033674,14,2017,18,10
grosjean,-0.36118573,2.284229,15,2017,18,15
brendon_hartley,-0.3833452,2.234169,16,2017,18,18
ricciardo,-0.39212358,2.2146425,17,2017,18,20
wehrlein,-0.43704635,2.1173558,18,2017,18,14
ericsson,-0.46939605,2.049956,19,2017,18,17
hulkenberg,-0.57426184,1.8458734,20,2017,18,19
bottas,1.489422,15.04963,1,2017,19,2
vettel,1.486169,15.000754,2,2017,19,1
raikkonen,0.93423843,8.63799,3,2017,19,3
hamilton,0.9147869,8.471591,4,2017,19,4
max_verstappen,0.38411927,4.983093,5,2017,19,5
ricciardo,0.3486297,4.809346,6,2017,19,6
massa,0.34136942,4.774556,7,2017,19,7
perez,0.254638,4.377901,8,2017,19,9
alonso,0.21398099,4.203479,9,2017,19,8
hulkenberg,-0.018714547,3.3308144,10,2017,19,10
ocon,-0.06621167,3.1763089,11,2017,19,18
sainz,-0.07870492,3.1368732,12,2017,19,11
grosjean,-0.13885126,2.9537635,13,2017,19,15
stroll,-0.16658685,2.8729653,14,2017,19,16
gasly,-0.19212925,2.8005118,15,2017,19,12
wehrlein,-0.2565345,2.62583,16,2017,19,14
vandoorne,-0.30898356,2.4916568,17,2017,19,19
brendon_hartley,-0.38877073,2.3005788,18,2017,19,17
kevin_magnussen,-0.41454506,2.2420406,19,2017,19,20
ericsson,-0.65644133,1.7603105,20,2017,19,13
bottas,1.6701163,17.83254,1,2017,20,1
hamilton,1.5322256,15.535601,2,2017,20,2
vettel,1.2472944,11.683796,3,2017,20,3
raikkonen,0.53584105,5.7359285,4,2017,20,4
hulkenberg,0.45865244,5.309836,5,2017,20,6
max_verstappen,0.347482,4.7511687,6,2017,20,5
perez,0.27255523,4.4081883,7,2017,20,7
ocon,0.21178952,4.1482983,8,2017,20,8
alonso,0.0753762,3.6193147,9,2017,20,9
massa,0.024089925,3.4383733,10,2017,20,10
grosjean,-0.15220313,2.8826368,11,2017,20,11
kevin_magnussen,-0.25172156,2.6095743,12,2017,20,13
vandoorne,-0.26103914,2.585372,13,2017,20,12
sainz,-0.31495237,2.4496772,14,2017,20,19
stroll,-0.32724923,2.4197383,15,2017,20,18
ricciardo,-0.33205608,2.4081345,16,2017,20,20
wehrlein,-0.37669808,2.302995,17,2017,20,14
gasly,-0.3932662,2.2651527,18,2017,20,16
brendon_hartley,-0.5422154,1.951685,19,2017,20,15
ericsson,-0.7028869,1.662,20,2017,20,17
vettel,3.76939,31.12916,1,2018,1,1
hamilton,3.408226,21.69281,2,2018,1,2
raikkonen,3.0520775,15.192964,3,2018,1,3
ricciardo,2.6251428,9.913502,4,2018,1,4
alonso,1.9706324,5.152012,5,2018,1,5
max_verstappen,1.7881076,4.2924705,6,2018,1,6
hulkenberg,1.4554158,3.0776632,7,2018,1,7
bottas,1.1774276,2.3307326,8,2018,1,8
vandoorne,0.97547543,1.9045204,9,2018,1,9
sainz,0.6584878,1.3871381,10,2018,1,10
perez,0.008161031,0.723913,11,2018,1,11
ocon,-0.12021716,0.6366965,12,2018,1,12
leclerc,-0.23393165,0.5682597,13,2018,1,13
stroll,-0.33754322,0.51232904,14,2018,1,14
brendon_hartley,-0.5683371,0.4067396,15,2018,1,15
grosjean,-0.93370223,0.2822541,16,2018,1,16
kevin_magnussen,-1.0381478,0.25426123,17,2018,1,17
gasly,-1.2338735,0.20906322,18,2018,1,18
ericsson,-1.3421112,0.18761633,19,2018,1,19
sirotkin,-1.593616,0.14589602,20,2018,1,20
vettel,2.704086,31.277729,1,2018,2,1
hamilton,1.9130086,14.179947,2,2018,2,3
bottas,1.5663748,10.026134,3,2018,2,2
gasly,1.2825859,7.548932,4,2018,2,4
kevin_magnussen,1.0771812,6.147229,5,2018,2,5
hulkenberg,0.76669973,4.5064964,6,2018,2,6
alonso,0.7068732,4.244795,7,2018,2,7
vandoorne,0.35531452,2.9865973,8,2018,2,8
ericsson,0.24652147,2.6787274,9,2018,2,9
ocon,0.1370562,2.4009786,10,2018,2,10
sainz,-0.0040382743,2.0850272,11,2018,2,11
leclerc,-0.2329981,1.6583483,12,2018,2,12
grosjean,-0.27655977,1.5876588,13,2018,2,13
stroll,-0.3769864,1.43596,14,2018,2,14
sirotkin,-0.40499997,1.396292,15,2018,2,15
perez,-0.43572685,1.3540409,16,2018,2,16
raikkonen,-0.4885644,1.2843539,17,2018,2,18
brendon_hartley,-0.60798365,1.1397815,18,2018,2,17
max_verstappen,-0.65891665,1.0831827,19,2018,2,19
ricciardo,-0.76126546,0.9778047,20,2018,2,20
ricciardo,2.7564218,23.792585,1,2018,3,1
bottas,2.4594445,17.67934,2,2018,3,2
raikkonen,2.151242,12.990186,3,2018,3,3
hamilton,2.0241077,11.439359,4,2018,3,4
vettel,1.7630641,8.811135,5,2018,3,8
max_verstappen,1.0901537,4.4956303,6,2018,3,5
hulkenberg,0.60001737,2.753766,7,2018,3,6
alonso,0.5181127,2.5372095,8,2018,3,7
sainz,0.36351568,2.1737802,9,2018,3,9
kevin_magnussen,0.06520088,1.6130922,10,2018,3,10
perez,-0.09317472,1.3768214,11,2018,3,12
ocon,-0.096632406,1.3720689,12,2018,3,11
vandoorne,-0.15158881,1.2986994,13,2018,3,13
stroll,-0.2090065,1.2262316,14,2018,3,14
sirotkin,-0.23792547,1.191278,15,2018,3,15
ericsson,-0.27121168,1.1522777,16,2018,3,16
grosjean,-0.28243333,1.1394194,17,2018,3,17
gasly,-0.29424345,1.1260418,18,2018,3,18
leclerc,-0.42520145,0.98782563,19,2018,3,19
brendon_hartley,-0.5834414,0.84325206,20,2018,3,20
hamilton,1.8514694,20.398771,1,2018,4,1
raikkonen,1.2902284,11.637512,2,2018,4,2
perez,1.1902186,10.529953,3,2018,4,3
vettel,0.759209,6.842919,4,2018,4,4
sainz,0.7560598,6.821402,5,2018,4,5
leclerc,0.6140064,5.918078,6,2018,4,6
alonso,0.31791395,4.4013844,7,2018,4,7
stroll,0.23238246,4.0405774,8,2018,4,8
brendon_hartley,0.050148603,3.3674438,9,2018,4,10
vandoorne,-0.063557535,3.005511,10,2018,4,9
ericsson,-0.12423432,2.8285694,11,2018,4,11
kevin_magnussen,-0.18587023,2.6594915,12,2018,4,13
bottas,-0.20994236,2.5962365,13,2018,4,14
max_verstappen,-0.21095973,2.5935965,14,2018,4,16
gasly,-0.29367155,2.3877077,15,2018,4,12
grosjean,-0.33400765,2.2933133,16,2018,4,15
hulkenberg,-0.42534965,2.0931196,17,2018,4,18
ricciardo,-0.48308662,1.9756917,18,2018,4,17
ocon,-0.5678215,1.815178,19,2018,4,19
sirotkin,-0.5798098,1.7935475,20,2018,4,20
hamilton,2.783888,35.55831,1,2018,5,1
bottas,1.569359,10.555476,2,2018,5,2
max_verstappen,1.4547006,9.412009,3,2018,5,3
vettel,1.4430496,9.302986,4,2018,5,4
ricciardo,0.80237055,4.9020643,5,2018,5,5
kevin_magnussen,0.55248094,3.818153,6,2018,5,6
sainz,0.3122194,3.0026798,7,2018,5,7
alonso,0.23361257,2.775687,8,2018,5,8
raikkonen,0.09998243,2.4284868,9,2018,5,17
perez,0.038677227,2.2840793,10,2018,5,9
leclerc,-0.13449553,1.9208932,11,2018,5,10
stroll,-0.18215373,1.8314943,12,2018,5,11
ericsson,-0.20091851,1.797447,13,2018,5,13
brendon_hartley,-0.2689306,1.6792631,14,2018,5,12
sirotkin,-0.30900344,1.613301,15,2018,5,14
vandoorne,-0.32026553,1.5952336,16,2018,5,15
ocon,-0.36890212,1.5195035,17,2018,5,16
grosjean,-0.4480588,1.403862,18,2018,5,18
gasly,-0.5114832,1.3175877,19,2018,5,19
hulkenberg,-0.53927046,1.2814796,20,2018,5,20
ricciardo,1.9619578,18.887003,1,2018,6,1
vettel,1.8310663,16.569813,2,2018,6,2
hamilton,1.5249928,12.2008915,3,2018,6,3
raikkonen,1.1984539,8.801922,4,2018,6,4
bottas,0.7427575,5.580474,5,2018,6,5
ocon,0.7154107,5.429934,6,2018,6,6
gasly,0.34890258,3.7637613,7,2018,6,7
hulkenberg,0.21597716,3.2952876,8,2018,6,8
max_verstappen,0.2073141,3.2668636,9,2018,6,9
sainz,0.14699224,3.0756261,10,2018,6,10
ericsson,-0.106072694,2.3879695,11,2018,6,11
perez,-0.13887179,2.310917,12,2018,6,12
kevin_magnussen,-0.24479797,2.0786488,13,2018,6,13
vandoorne,-0.24579416,2.0765793,14,2018,6,14
grosjean,-0.3058978,1.955446,15,2018,6,15
sirotkin,-0.33375025,1.9017335,16,2018,6,16
leclerc,-0.40981674,1.7624402,17,2018,6,18
stroll,-0.4843373,1.635877,18,2018,6,17
brendon_hartley,-0.5517949,1.5291642,19,2018,6,19
alonso,-0.57797617,1.4896483,20,2018,6,20
vettel,2.6393864,32.666286,1,2018,7,1
bottas,1.6804341,12.520799,2,2018,7,2
max_verstappen,1.3117224,8.659696,3,2018,7,3
hamilton,1.1465288,7.3410807,4,2018,7,5
ricciardo,0.8036553,5.2101707,5,2018,7,4
raikkonen,0.5719969,4.1327953,6,2018,7,6
hulkenberg,0.4768323,3.7576344,7,2018,7,7
sainz,0.332266,3.2518477,8,2018,7,8
ocon,0.08810898,2.547382,9,2018,7,9
leclerc,-0.056964308,2.2033806,10,2018,7,10
kevin_magnussen,-0.090422414,2.1308794,11,2018,7,13
gasly,-0.16388156,1.979958,12,2018,7,11
grosjean,-0.18479946,1.9389716,13,2018,7,12
perez,-0.23103525,1.8513627,14,2018,7,14
ericsson,-0.23683009,1.8406656,15,2018,7,15
vandoorne,-0.31143287,1.7083439,16,2018,7,16
alonso,-0.33670065,1.6657184,17,2018,7,18
brendon_hartley,-0.36185598,1.6243392,18,2018,7,19
sirotkin,-0.39385343,1.5731875,19,2018,7,17
stroll,-0.5137058,1.3954982,20,2018,7,20
hamilton,2.3771098,27.175343,1,2018,8,1
vettel,1.7934988,15.160586,2,2018,8,5
max_verstappen,1.2293137,8.623699,3,2018,8,2
raikkonen,0.949239,6.5171638,4,2018,8,3
ricciardo,0.9209148,6.3351607,5,2018,8,4
bottas,0.5434733,4.3434696,6,2018,8,7
sainz,0.35881722,3.6111188,7,2018,8,8
kevin_magnussen,0.30830008,3.433226,8,2018,8,6
hulkenberg,0.049130235,2.649393,9,2018,8,9
leclerc,-0.03904847,2.425777,10,2018,8,10
vandoorne,-0.15356189,2.163308,11,2018,8,12
grosjean,-0.18619516,2.0938516,12,2018,8,11
perez,-0.22214456,2.0199156,13,2018,8,18
ocon,-0.22345789,2.0172648,14,2018,8,19
alonso,-0.22730142,2.0095263,15,2018,8,16
gasly,-0.23448753,1.9951371,16,2018,8,20
ericsson,-0.2354134,1.9932907,17,2018,8,13
stroll,-0.28800833,1.8911628,18,2018,8,17
brendon_hartley,-0.334754,1.8047936,19,2018,8,14
sirotkin,-0.3731454,1.7368187,20,2018,8,15
vettel,1.828428,18.853806,1,2018,9,3
max_verstappen,1.361467,11.819537,2,2018,9,1
raikkonen,1.1256135,9.336208,3,2018,9,2
grosjean,0.9354715,7.7195673,4,2018,9,4
kevin_magnussen,0.7035694,6.1218004,5,2018,9,5
ocon,0.54633176,5.2310843,6,2018,9,6
perez,0.439796,4.7024455,7,2018,9,7
hamilton,0.34751016,4.287899,8,2018,9,16
alonso,0.16144955,3.5599134,9,2018,9,8
leclerc,0.034532025,3.135595,10,2018,9,9
ricciardo,-0.030125007,2.9392715,11,2018,9,18
ericsson,-0.049322847,2.8833818,12,2018,9,10
gasly,-0.07036123,2.823354,13,2018,9,11
sainz,-0.13526827,2.6459196,14,2018,9,12
sirotkin,-0.15785956,2.5868146,15,2018,9,13
bottas,-0.16648062,2.564609,16,2018,9,19
stroll,-0.20424253,2.4695704,17,2018,9,14
vandoorne,-0.2570674,2.3425014,18,2018,9,15
brendon_hartley,-0.4023347,2.0257745,19,2018,9,17
hulkenberg,-0.4399722,1.9509465,20,2018,9,20
vettel,2.267017,26.001362,1,2018,10,1
hamilton,1.9313912,18.58813,2,2018,10,2
raikkonen,0.99789953,7.3084526,3,2018,10,3
bottas,0.6836636,5.337704,4,2018,10,4
hulkenberg,0.58327705,4.8278875,5,2018,10,6
ricciardo,0.53835845,4.6158237,6,2018,10,5
ocon,0.4129125,4.0716343,7,2018,10,7
alonso,0.19837296,3.2854538,8,2018,10,8
max_verstappen,0.1928826,3.2674656,9,2018,10,15
kevin_magnussen,0.0073813577,2.7142437,10,2018,10,9
perez,-0.06721466,2.519139,11,2018,10,10
vandoorne,-0.11600463,2.3991807,12,2018,10,11
gasly,-0.1940775,2.2189953,13,2018,10,13
stroll,-0.28646705,2.0231686,14,2018,10,12
sirotkin,-0.34648222,1.9053195,15,2018,10,14
ericsson,-0.353165,1.8926293,16,2018,10,18
grosjean,-0.35434952,1.8903885,17,2018,10,16
sainz,-0.41192228,1.7846277,18,2018,10,17
leclerc,-0.4330328,1.747348,19,2018,10,19
brendon_hartley,-0.52047217,1.6010504,20,2018,10,20
hamilton,1.806676,18.319977,1,2018,11,1
vettel,1.3175977,11.233652,2,2018,11,18
bottas,1.2602702,10.607764,3,2018,11,2
raikkonen,0.97912955,8.008038,4,2018,11,3
max_verstappen,0.9251971,7.5875835,5,2018,11,4
grosjean,0.51404566,5.0297065,6,2018,11,6
hulkenberg,0.48470375,4.8842697,7,2018,11,5
perez,0.3250202,4.1634173,8,2018,11,7
ocon,0.03834655,3.1257138,9,2018,11,8
ericsson,0.03375774,3.111403,10,2018,11,9
kevin_magnussen,-0.017331528,2.9564362,11,2018,11,11
brendon_hartley,-0.06233087,2.8263474,12,2018,11,10
sainz,-0.13060772,2.6398137,13,2018,11,12
alonso,-0.1704485,2.5367088,14,2018,11,16
vandoorne,-0.17280746,2.530732,15,2018,11,13
gasly,-0.20321922,2.4549263,16,2018,11,14
leclerc,-0.2608067,2.317547,17,2018,11,15
stroll,-0.36836386,2.0812159,18,2018,11,17
sirotkin,-0.41702595,1.982364,19,2018,11,19
ricciardo,-0.62981904,1.602391,20,2018,11,20
hamilton,2.4165366,32.354332,1,2018,12,1
vettel,1.2176077,9.755382,2,2018,12,2
bottas,1.1087528,8.749217,3,2018,12,5
raikkonen,0.55718833,5.0399675,4,2018,12,3
ricciardo,0.39696652,4.293824,5,2018,12,4
gasly,0.3724834,4.1899753,6,2018,12,6
sainz,0.30855745,3.9305086,7,2018,12,9
kevin_magnussen,0.18504235,3.4738164,8,2018,12,7
alonso,0.051046547,3.038178,9,2018,12,8
grosjean,-0.02207395,2.823952,10,2018,12,10
hulkenberg,-0.13386025,2.5252776,11,2018,12,12
perez,-0.14765269,2.4906871,12,2018,12,14
brendon_hartley,-0.15959653,2.461116,13,2018,12,11
stroll,-0.21167539,2.3362238,14,2018,12,17
vandoorne,-0.2287709,2.2966244,15,2018,12,18
ericsson,-0.26918903,2.2056499,16,2018,12,15
ocon,-0.27002957,2.2037969,17,2018,12,13
max_verstappen,-0.34060976,2.0536146,18,2018,12,19
leclerc,-0.40547395,1.9246372,19,2018,12,20
sirotkin,-0.44328845,1.8532164,20,2018,12,16
hamilton,1.7772752,18.674976,1,2018,13,2
vettel,1.6956216,17.210691,2,2018,13,1
max_verstappen,0.98624825,8.466842,3,2018,13,3
perez,0.77184737,6.8329496,4,2018,13,5
bottas,0.59321517,5.715172,5,2018,13,4
ocon,0.4520303,4.962649,6,2018,13,6
grosjean,0.24599549,4.038627,7,2018,13,7
kevin_magnussen,0.14354742,3.6453657,8,2018,13,8
raikkonen,0.07114697,3.390767,9,2018,13,17
gasly,-0.013011234,3.1170843,10,2018,13,9
ericsson,-0.057312254,2.9820085,11,2018,13,10
sainz,-0.18194434,2.6325815,12,2018,13,11
ricciardo,-0.19058573,2.6099303,13,2018,13,16
brendon_hartley,-0.22763401,2.5150058,14,2018,13,14
leclerc,-0.23932047,2.4857857,15,2018,13,18
vandoorne,-0.28637135,2.3715363,16,2018,13,15
stroll,-0.2926324,2.356734,17,2018,13,13
sirotkin,-0.38005692,2.1594472,18,2018,13,12
alonso,-0.44893032,2.0157247,19,2018,13,19
hulkenberg,-0.55319935,1.8161334,20,2018,13,20
hamilton,1.4389685,15.047261,1,2018,14,1
raikkonen,1.0032461,9.732526,2,2018,14,2
bottas,0.93079394,9.052323,3,2018,14,3
vettel,0.8044553,7.97796,4,2018,14,4
max_verstappen,0.79323167,7.888919,5,2018,14,5
ocon,0.4798299,5.7664537,6,2018,14,6
perez,0.17965704,4.2711563,7,2018,14,7
stroll,0.13099949,4.0683074,8,2018,14,9
sainz,0.124748595,4.0429554,9,2018,14,8
sirotkin,0.08425983,3.8825314,10,2018,14,10
gasly,0.030696286,3.6800406,11,2018,14,14
leclerc,-0.07579277,3.3083007,12,2018,14,11
vandoorne,-0.12024968,3.1644456,13,2018,14,12
ricciardo,-0.14940201,3.0735261,14,2018,14,17
kevin_magnussen,-0.22977746,2.836157,15,2018,14,16
hulkenberg,-0.2340403,2.824093,16,2018,14,13
ericsson,-0.2697723,2.7249637,17,2018,14,15
brendon_hartley,-0.35574245,2.5004857,18,2018,14,19
grosjean,-0.46076676,2.2511938,19,2018,14,20
alonso,-0.6270058,1.9064101,20,2018,14,18
hamilton,1.7866983,19.055384,1,2018,15,1
max_verstappen,1.4275206,13.3054285,2,2018,15,2
vettel,1.1041193,9.628917,3,2018,15,3
bottas,0.8956515,7.817015,4,2018,15,4
raikkonen,0.79728967,7.0847244,5,2018,15,5
ricciardo,0.48476127,5.1831484,6,2018,15,6
alonso,0.35150382,4.536497,7,2018,15,7
sainz,0.15017156,3.709225,8,2018,15,8
leclerc,0.0119772665,3.2304735,9,2018,15,9
hulkenberg,-0.040603798,3.0650005,10,2018,15,10
ericsson,-0.10016548,2.887774,11,2018,15,11
grosjean,-0.13727757,2.7825668,12,2018,15,15
vandoorne,-0.20112096,2.6104703,13,2018,15,12
gasly,-0.26153883,2.4574215,14,2018,15,13
stroll,-0.306595,2.3491566,15,2018,15,14
perez,-0.348376,2.2530284,16,2018,15,16
brendon_hartley,-0.3760855,2.1914554,17,2018,15,17
kevin_magnussen,-0.45263934,2.0299516,18,2018,15,18
sirotkin,-0.4964521,1.942934,19,2018,15,19
ocon,-0.52968895,1.8794188,20,2018,15,20
hamilton,1.8917053,22.002619,1,2018,16,1
bottas,1.181102,10.810936,2,2018,16,2
vettel,1.1410521,10.386515,3,2018,16,3
raikkonen,0.492571,5.430478,4,2018,16,4
max_verstappen,0.4663068,5.289707,5,2018,16,5
ricciardo,0.4494838,5.201463,6,2018,16,6
leclerc,0.34427333,4.6820188,7,2018,16,7
kevin_magnussen,0.22399458,4.1514215,8,2018,16,8
ocon,0.013686454,3.36404,9,2018,16,9
perez,-0.11096167,2.9697998,10,2018,16,10
grosjean,-0.12377866,2.931979,11,2018,16,11
hulkenberg,-0.1327479,2.9057987,12,2018,16,12
ericsson,-0.14277504,2.8768072,13,2018,16,13
alonso,-0.2300698,2.636326,14,2018,16,14
vandoorne,-0.25925493,2.5604963,15,2018,16,16
gasly,-0.26539576,2.5448208,16,2018,16,19
sainz,-0.27682325,2.5159056,17,2018,16,17
stroll,-0.2882581,2.4873006,18,2018,16,15
brendon_hartley,-0.40793645,2.2067478,19,2018,16,20
sirotkin,-0.48414037,2.044832,20,2018,16,18
hamilton,1.8708967,22.193031,1,2018,17,1
bottas,1.2054365,11.408037,2,2018,17,2
max_verstappen,0.81155515,7.693969,3,2018,17,3
vettel,0.7848386,7.491134,4,2018,17,6
perez,0.4163328,5.182121,5,2018,17,7
raikkonen,0.32428417,4.7264094,6,2018,17,5
grosjean,0.3016992,4.6208596,7,2018,17,8
ricciardo,0.2501676,4.388771,8,2018,17,4
sainz,-0.07402782,3.1735594,9,2018,17,10
ocon,-0.10060936,3.0903127,10,2018,17,9
gasly,-0.12916085,3.0033276,11,2018,17,11
brendon_hartley,-0.14217366,2.9644988,12,2018,17,13
ericsson,-0.1696681,2.8841023,13,2018,17,12
alonso,-0.19244675,2.8191483,14,2018,17,14
vandoorne,-0.20147194,2.7938194,15,2018,17,15
leclerc,-0.3249817,2.4692137,16,2018,17,18
hulkenberg,-0.3551637,2.3958018,17,2018,17,19
kevin_magnussen,-0.37093356,2.3583164,18,2018,17,20
sirotkin,-0.40627202,2.2764328,19,2018,17,16
stroll,-0.5027194,2.067132,20,2018,17,17
hamilton,1.71134,18.60207,1,2018,18,3
vettel,1.2695084,11.958488,2,2018,18,4
raikkonen,1.0778103,9.872402,3,2018,18,1
bottas,0.6021719,6.135581,4,2018,18,5
max_verstappen,0.43468335,5.1893907,5,2018,18,2
hulkenberg,0.3703609,4.8661046,6,2018,18,6
ricciardo,0.364271,4.8365602,7,2018,18,16
perez,0.14182295,3.8719409,8,2018,18,8
sainz,0.11830941,3.7819598,9,2018,18,7
brendon_hartley,0.0038627805,3.3729763,10,2018,18,9
grosjean,-0.028773468,3.2646728,11,2018,18,17
ericsson,-0.032695796,3.2518923,12,2018,18,10
vandoorne,-0.12941302,2.9521093,13,2018,18,11
leclerc,-0.13328212,2.940709,14,2018,18,15
ocon,-0.13687393,2.9301655,15,2018,18,19
sirotkin,-0.23971905,2.6437912,16,2018,18,13
gasly,-0.25480765,2.6041994,17,2018,18,12
stroll,-0.2772431,2.5464234,18,2018,18,14
kevin_magnussen,-0.332208,2.4102368,19,2018,18,20
alonso,-0.53474563,1.9683335,20,2018,18,18
vettel,1.449824,15.799658,1,2018,19,2
hamilton,1.2221367,12.582426,2,2018,19,4
max_verstappen,1.047537,10.566633,3,2018,19,1
raikkonen,0.56664336,6.5326176,4,2018,19,3
ricciardo,0.54783714,6.4109116,5,2018,19,17
hulkenberg,0.37782308,5.408585,6,2018,19,6
bottas,0.16950105,4.3914757,7,2018,19,5
leclerc,-0.002849977,3.6962337,8,2018,19,7
ericsson,-0.075148955,3.4384317,9,2018,19,9
vandoorne,-0.11535838,3.302917,10,2018,19,8
ocon,-0.16188073,3.152777,11,2018,19,11
perez,-0.1660262,3.1397338,12,2018,19,18
gasly,-0.17076206,3.1248999,13,2018,19,10
stroll,-0.22762403,2.9521694,14,2018,19,12
brendon_hartley,-0.2392695,2.9179893,15,2018,19,14
kevin_magnussen,-0.31660283,2.7008367,16,2018,19,15
sirotkin,-0.3311255,2.6618965,17,2018,19,13
grosjean,-0.36726603,2.567412,18,2018,19,16
sainz,-0.39100707,2.5071764,19,2018,19,19
alonso,-0.54692143,2.1452217,20,2018,19,20
hamilton,1.5351217,16.639042,1,2018,20,1
vettel,1.2802548,12.895586,2,2018,20,6
max_verstappen,0.76892024,7.7334137,3,2018,20,2
raikkonen,0.60616076,6.571821,4,2018,20,3
ricciardo,0.5461119,6.1888046,5,2018,20,4
bottas,0.40991104,5.4007673,6,2018,20,5
leclerc,0.29062003,4.793449,7,2018,20,7
grosjean,0.051941846,3.775648,8,2018,20,8
perez,0.022521935,3.6661868,9,2018,20,10
kevin_magnussen,-0.0035787579,3.571735,10,2018,20,9
sainz,-0.09065573,3.2738752,11,2018,20,12
brendon_hartley,-0.14467439,3.1017163,12,2018,20,11
gasly,-0.15559408,3.0680313,13,2018,20,13
ocon,-0.1943283,2.9514654,14,2018,20,15
sirotkin,-0.22948106,2.849516,15,2018,20,16
vandoorne,-0.24058245,2.818057,16,2018,20,14
alonso,-0.27253821,2.729428,17,2018,20,17
stroll,-0.2788517,2.7122495,18,2018,20,18
hulkenberg,-0.30763772,2.6352878,19,2018,20,19
ericsson,-0.31196246,2.6239152,20,2018,20,20
hamilton,1.7830695,20.626638,1,2018,21,1
vettel,1.3891916,13.911356,2,2018,21,2
ricciardo,0.80168796,7.7307186,3,2018,21,4
max_verstappen,0.6393306,6.5721726,4,2018,21,3
bottas,0.37033492,5.0221033,5,2018,21,5
sainz,0.36120242,4.9764476,6,2018,21,6
leclerc,0.2104943,4.280236,7,2018,21,7
grosjean,0.11604968,3.8944926,8,2018,21,9
perez,0.051173586,3.6498547,9,2018,21,8
kevin_magnussen,-0.014933275,3.4163773,10,2018,21,10
alonso,-0.11430431,3.0932107,11,2018,21,11
brendon_hartley,-0.14521275,2.9990668,12,2018,21,12
ocon,-0.17077214,2.9233835,13,2018,21,17
stroll,-0.23467612,2.7424123,14,2018,21,13
vandoorne,-0.25807285,2.6789925,15,2018,21,14
raikkonen,-0.26031768,2.672986,16,2018,21,19
sirotkin,-0.38319832,2.3639064,17,2018,21,15
ericsson,-0.41968402,2.2792122,18,2018,21,18
hulkenberg,-0.4658567,2.1763675,19,2018,21,20
gasly,-0.555348,1.990062,20,2018,21,16
bottas,4.2147903,40.154186,1,2019,1,1
hamilton,3.4882667,19.41805,2,2019,1,2
max_verstappen,2.977939,11.656631,3,2019,1,3
vettel,2.6078382,8.050825,4,2019,1,4
leclerc,2.3053775,5.9495397,5,2019,1,5
kevin_magnussen,1.9491577,4.166574,6,2019,1,6
hulkenberg,1.4771978,2.5990193,7,2019,1,7
raikkonen,1.1811372,1.9330006,8,2019,1,8
stroll,0.87133664,1.4180365,9,2019,1,9
kvyat,0.51739454,0.9953418,10,2019,1,10
gasly,0.11359966,0.66467047,11,2019,1,11
norris,-0.040130474,0.569957,12,2019,1,12
perez,-0.19946614,0.48600814,13,2019,1,13
albon,-0.27198935,0.45200908,14,2019,1,14
giovinazzi,-0.4197443,0.38992217,15,2019,1,15
russell,-0.53168684,0.3486278,16,2019,1,16
kubica,-0.6924514,0.2968539,17,2019,1,17
grosjean,-1.1227847,0.19304186,18,2019,1,18
ricciardo,-1.4303355,0.14193314,19,2019,1,19
sainz,-1.6341519,0.11576238,20,2019,1,20
hamilton,3.2398062,31.95599,1,2019,2,1
bottas,2.9419506,23.724398,2,2019,2,2
leclerc,2.5944676,16.760435,3,2019,2,3
max_verstappen,1.5998956,6.1993785,4,2019,2,4
vettel,1.174681,4.052097,5,2019,2,5
norris,0.86261684,2.9658694,6,2019,2,6
raikkonen,0.62073624,2.3286521,7,2019,2,7
gasly,0.5018633,2.0676584,8,2019,2,8
albon,0.35014233,1.7765899,9,2019,2,9
perez,0.08535089,1.3632951,10,2019,2,10
giovinazzi,-0.21568109,1.0089118,11,2019,2,11
kvyat,-0.25015974,0.97471875,12,2019,2,12
kevin_magnussen,-0.331273,0.8987777,13,2019,2,13
stroll,-0.3533587,0.87914515,14,2019,2,14
russell,-0.4523674,0.7962724,15,2019,2,15
kubica,-0.6387651,0.6608611,16,2019,2,16
hulkenberg,-0.73563474,0.5998466,17,2019,2,17
ricciardo,-1.1828358,0.38355124,18,2019,2,18
sainz,-1.3709654,0.31777495,19,2019,2,19
grosjean,-1.4771183,0.28577083,20,2019,2,20
hamilton,2.9787228,33.787968,1,2019,3,1
bottas,2.7447932,26.74039,2,2019,3,2
vettel,1.2177337,5.8072996,3,2019,3,3
leclerc,1.0601509,4.9606304,4,2019,3,5
gasly,0.8913077,4.189954,5,2019,3,6
max_verstappen,0.8318811,3.9482129,6,2019,3,4
ricciardo,0.45261645,2.7020166,7,2019,3,7
perez,0.3267461,2.3824475,8,2019,3,8
raikkonen,0.06216708,1.8285971,9,2019,3,9
albon,-0.045265637,1.6423304,10,2019,3,10
grosjean,-0.09083257,1.569174,11,2019,3,11
stroll,-0.18643315,1.4261079,12,2019,3,12
kevin_magnussen,-0.21766554,1.3822554,13,2019,3,13
sainz,-0.27975053,1.2990477,14,2019,3,14
giovinazzi,-0.29517382,1.2791657,15,2019,3,15
russell,-0.40850043,1.1421148,16,2019,3,16
norris,-0.47580335,1.0677767,17,2019,3,18
kvyat,-0.56135255,0.98022765,18,2019,3,19
hulkenberg,-0.6009421,0.9421789,19,2019,3,20
kubica,-0.6224834,0.92210007,20,2019,3,17
bottas,2.3419633,28.031107,1,2019,4,1
hamilton,1.6770054,14.4162655,2,2019,4,2
vettel,1.1314794,8.354757,3,2019,4,3
max_verstappen,0.9924172,7.270091,4,2019,4,4
perez,0.8248891,6.1487007,5,2019,4,6
leclerc,0.6911355,5.378917,6,2019,4,5
sainz,0.42103794,4.1057544,7,2019,4,7
norris,0.14845094,3.1261508,8,2019,4,8
stroll,-0.002946183,2.6869466,9,2019,4,9
raikkonen,-0.096344166,2.447354,10,2019,4,10
albon,-0.16282244,2.289948,11,2019,4,11
giovinazzi,-0.22917548,2.1429343,12,2019,4,12
kevin_magnussen,-0.28858623,2.0193295,13,2019,4,13
hulkenberg,-0.32452065,1.948054,14,2019,4,14
russell,-0.3954514,1.814664,15,2019,4,15
gasly,-0.4266384,1.7589433,16,2019,4,17
grosjean,-0.5069121,1.6232649,17,2019,4,18
kubica,-0.5670871,1.5284657,18,2019,4,16
kvyat,-0.5782708,1.5114671,19,2019,4,19
ricciardo,-0.657104,1.396889,20,2019,4,20
hamilton,2.8974893,37.845356,1,2019,5,1
bottas,1.9638155,14.877267,2,2019,5,2
max_verstappen,1.1986984,6.9220877,3,2019,5,3
vettel,1.1368036,6.5066366,4,2019,5,4
leclerc,0.7266481,4.317459,5,2019,5,5
gasly,0.6714446,4.0855794,6,2019,5,6
kevin_magnussen,0.5282662,3.540561,7,2019,5,7
kvyat,0.22753048,2.6209831,8,2019,5,9
sainz,0.12481121,2.365123,9,2019,5,8
grosjean,0.04232823,2.1778693,10,2019,5,10
perez,-0.021190444,2.043836,11,2019,5,15
albon,-0.19953747,1.7099795,12,2019,5,11
ricciardo,-0.23071183,1.6574943,13,2019,5,12
hulkenberg,-0.28091735,1.5763335,14,2019,5,13
raikkonen,-0.33324063,1.4959751,15,2019,5,14
stroll,-0.3927176,1.4095935,16,2019,5,19
giovinazzi,-0.44653457,1.3357384,17,2019,5,16
russell,-0.5075561,1.2566667,18,2019,5,17
norris,-0.5233325,1.2369971,19,2019,5,20
kubica,-0.71772355,1.0184639,20,2019,5,18
hamilton,2.4348364,30.43987,1,2019,6,1
vettel,1.5073876,12.040844,2,2019,6,2
bottas,1.3677005,10.471083,3,2019,6,3
max_verstappen,0.9752132,7.071908,4,2019,6,4
gasly,0.5702913,4.717166,5,2019,6,5
sainz,0.46538162,4.247364,6,2019,6,6
kvyat,0.3423492,3.7556686,7,2019,6,7
albon,0.20996824,3.2899923,8,2019,6,8
ricciardo,0.08627384,2.9072013,9,2019,6,9
grosjean,-0.045898467,2.547261,10,2019,6,10
perez,-0.08170726,2.45766,11,2019,6,12
norris,-0.17030856,2.249276,12,2019,6,11
hulkenberg,-0.19473343,2.1950035,13,2019,6,13
kevin_magnussen,-0.24073,2.0963273,14,2019,6,14
stroll,-0.33713818,1.903661,15,2019,6,16
raikkonen,-0.400014,1.787652,16,2019,6,17
giovinazzi,-0.46805415,1.6700655,17,2019,6,19
russell,-0.5354366,1.56124,18,2019,6,15
kubica,-0.66047746,1.3777331,19,2019,6,18
leclerc,-0.78780967,1.213013,20,2019,6,20
hamilton,2.2155616,25.956327,1,2019,7,1
vettel,1.3764285,11.215338,2,2019,7,2
leclerc,1.2931956,10.319645,3,2019,7,3
bottas,0.7998721,6.301111,4,2019,7,4
max_verstappen,0.78852654,6.230025,5,2019,7,5
ricciardo,0.7580628,6.043097,6,2019,7,6
gasly,0.4471268,4.4281445,7,2019,7,8
sainz,0.32703593,3.9270546,8,2019,7,11
hulkenberg,0.15438974,3.3043618,9,2019,7,7
stroll,-0.084353305,2.602573,10,2019,7,9
kvyat,-0.111473404,2.5329397,11,2019,7,10
giovinazzi,-0.25233838,2.2001276,12,2019,7,13
perez,-0.2732601,2.1545756,13,2019,7,12
raikkonen,-0.2942052,2.109917,14,2019,7,15
grosjean,-0.3353694,2.0248272,15,2019,7,14
kevin_magnussen,-0.3764522,1.9433273,16,2019,7,17
albon,-0.38358715,1.929511,17,2019,7,19
norris,-0.42808923,1.8455265,18,2019,7,20
russell,-0.51884544,1.6854093,19,2019,7,16
kubica,-0.82078636,1.2461609,20,2019,7,18
hamilton,2.386652,31.24637,1,2019,8,1
bottas,1.1721997,9.276191,2,2019,8,2
leclerc,0.9164707,7.1830354,3,2019,8,3
max_verstappen,0.83391887,6.6138773,4,2019,8,4
sainz,0.7354857,5.9938674,5,2019,8,6
vettel,0.472706,4.6087523,6,2019,8,5
raikkonen,0.38890415,4.2382708,7,2019,8,7
hulkenberg,0.2706692,3.7656498,8,2019,8,8
norris,0.18029593,3.4402602,9,2019,8,9
gasly,0.05658653,3.0399399,10,2019,8,10
ricciardo,0.018983379,2.9277508,11,2019,8,11
perez,-0.1413539,2.4940236,12,2019,8,12
stroll,-0.2035227,2.3436947,13,2019,8,13
kvyat,-0.24501449,2.24844,14,2019,8,14
albon,-0.26529095,2.203309,15,2019,8,15
giovinazzi,-0.31289116,2.1008878,16,2019,8,16
grosjean,-0.49008575,1.7597387,17,2019,8,20
kevin_magnussen,-0.5728116,1.6200218,18,2019,8,17
russell,-0.58275247,1.6039971,19,2019,8,19
kubica,-0.7991214,1.2919205,20,2019,8,18
hamilton,1.8025875,19.172611,1,2019,9,5
max_verstappen,1.3854505,12.633419,2,2019,9,1
leclerc,1.0762767,9.2736025,3,2019,9,2
bottas,0.9599666,8.255353,4,2019,9,3
norris,0.7479497,6.678175,5,2019,9,6
vettel,0.6049811,5.788518,6,2019,9,4
gasly,0.37798336,4.6130004,7,2019,9,7
raikkonen,0.14211318,3.6437318,8,2019,9,9
sainz,0.08913737,3.4557252,9,2019,9,8
giovinazzi,0.011996063,3.1991692,10,2019,9,10
ricciardo,-0.10124067,2.856664,11,2019,9,12
hulkenberg,-0.1365322,2.757606,12,2019,9,13
perez,-0.19590363,2.5986485,13,2019,9,11
stroll,-0.21082956,2.5601494,14,2019,9,14
albon,-0.29003882,2.3651853,15,2019,9,15
grosjean,-0.32084078,2.2934434,16,2019,9,16
kvyat,-0.38292682,2.1553826,17,2019,9,17
russell,-0.4264214,2.063645,18,2019,9,18
kevin_magnussen,-0.44627687,2.0230742,19,2019,9,19
kubica,-0.67286474,1.6128948,20,2019,9,20
hamilton,2.30956,30.67104,1,2019,10,1
bottas,1.1065509,9.210182,2,2019,10,2
max_verstappen,0.7999743,6.778345,3,2019,10,5
leclerc,0.72637856,6.297403,4,2019,10,3
gasly,0.69412124,6.0975075,5,2019,10,4
raikkonen,0.3550342,4.343989,6,2019,10,8
sainz,0.33732742,4.267748,7,2019,10,6
ricciardo,0.12414132,3.4483643,8,2019,10,7
hulkenberg,0.11877385,3.4299054,9,2019,10,10
norris,0.00079900434,3.0482197,10,2019,10,11
albon,-0.086439,2.7935686,11,2019,10,12
kvyat,-0.09980257,2.7564847,12,2019,10,9
vettel,-0.17239487,2.5634751,13,2019,10,16
stroll,-0.17971241,2.544785,14,2019,10,13
russell,-0.3302427,2.189156,15,2019,10,14
perez,-0.35449615,2.1367,16,2019,10,17
giovinazzi,-0.40383828,2.0338292,17,2019,10,18
kevin_magnussen,-0.47495517,1.8942134,18,2019,10,20
grosjean,-0.48054934,1.8836462,19,2019,10,19
kubica,-0.63662624,1.6114467,20,2019,10,15
hamilton,1.9956844,23.120089,1,2019,11,9
max_verstappen,1.3671474,12.331597,2,2019,11,1
vettel,0.830534,7.210594,3,2019,11,2
kvyat,0.685831,6.2391787,4,2019,11,3
stroll,0.55439556,5.4707355,5,2019,11,4
sainz,0.42513657,4.807388,6,2019,11,5
albon,0.291051,4.2041345,7,2019,11,6
bottas,0.24428761,4.012061,8,2019,11,15
grosjean,0.21614972,3.9007437,9,2019,11,7
kevin_magnussen,0.16400063,3.7025366,10,2019,11,8
gasly,0.10236991,3.4812357,11,2019,11,14
kubica,-0.109880626,2.8154914,12,2019,11,10
raikkonen,-0.15479931,2.691822,13,2019,11,12
hulkenberg,-0.16734225,2.6582694,14,2019,11,16
leclerc,-0.20938368,2.5488281,15,2019,11,17
norris,-0.22681467,2.5047846,16,2019,11,18
perez,-0.28626433,2.3602157,17,2019,11,20
giovinazzi,-0.3776816,2.15402,18,2019,11,13
russell,-0.4590622,1.9856681,19,2019,11,11
ricciardo,-0.55689347,1.8006072,20,2019,11,19
hamilton,2.1836126,26.712984,1,2019,12,1
max_verstappen,1.1447258,9.452345,2,2019,12,2
bottas,0.97074616,7.9429398,3,2019,12,8
vettel,0.95942175,7.8534985,4,2019,12,3
leclerc,0.8981109,7.3864555,5,2019,12,4
sainz,0.49550393,4.9383984,6,2019,12,5
gasly,0.41332453,4.548792,7,2019,12,6
raikkonen,0.2095914,3.7103586,8,2019,12,7
norris,0.026861468,3.0907028,9,2019,12,9
albon,-0.06789629,2.8112824,10,2019,12,10
perez,-0.17819154,2.5177,11,2019,12,11
hulkenberg,-0.21909684,2.41679,12,2019,12,12
kevin_magnussen,-0.2707235,2.2951853,13,2019,12,13
ricciardo,-0.28604323,2.260292,14,2019,12,14
kvyat,-0.30104485,2.2266366,15,2019,12,15
russell,-0.35607424,2.1074164,16,2019,12,16
stroll,-0.40016827,2.0165114,17,2019,12,17
giovinazzi,-0.40645364,2.0038764,18,2019,12,18
grosjean,-0.4137178,1.9893728,19,2019,12,20
kubica,-0.56011164,1.7184546,20,2019,12,19
hamilton,1.917638,21.363258,1,2019,13,2
leclerc,1.3703567,12.359083,2,2019,13,1
bottas,1.1388239,9.8046665,3,2019,13,3
vettel,0.9584245,8.186276,4,2019,13,4
max_verstappen,0.6068758,5.759844,5,2019,13,20
albon,0.48608574,5.1044893,6,2019,13,5
perez,0.39727056,4.670682,7,2019,13,6
kvyat,0.15750596,3.6749542,8,2019,13,7
hulkenberg,0.032657955,3.2436285,9,2019,13,8
gasly,-0.03790613,3.0226336,10,2019,13,9
stroll,-0.05947672,2.9581318,11,2019,13,10
norris,-0.1369768,2.7375348,12,2019,13,11
kevin_magnussen,-0.22373824,2.5100338,13,2019,13,12
grosjean,-0.2533583,2.436777,14,2019,13,13
ricciardo,-0.2956097,2.3359644,15,2019,13,14
raikkonen,-0.38136098,2.1440008,16,2019,13,16
russell,-0.403012,2.0980802,17,2019,13,15
giovinazzi,-0.40418196,2.0956268,18,2019,13,18
kubica,-0.47538126,1.9516073,19,2019,13,17
sainz,-0.7104884,1.5427185,20,2019,13,19
hamilton,1.4904723,15.647131,1,2019,14,3
leclerc,1.308114,13.038797,2,2019,14,1
bottas,1.1599886,11.243653,3,2019,14,2
ricciardo,0.7589545,7.529057,4,2019,14,4
hulkenberg,0.5438462,6.071839,5,2019,14,5
albon,0.487065,5.736677,6,2019,14,6
max_verstappen,0.3388476,4.9464145,7,2019,14,8
vettel,0.13271692,4.025029,8,2019,14,13
perez,0.13089556,4.0177054,9,2019,14,7
giovinazzi,-0.0026063025,3.515596,10,2019,14,9
gasly,-0.099958144,3.1894777,11,2019,14,11
sainz,-0.16249175,2.9961362,12,2019,14,20
stroll,-0.31053147,2.5838585,13,2019,14,12
russell,-0.31401876,2.574864,14,2019,14,14
norris,-0.3578624,2.464411,15,2019,14,10
raikkonen,-0.39711928,2.3695405,16,2019,14,15
grosjean,-0.48463276,2.170988,17,2019,14,16
kevin_magnussen,-0.54571193,2.0423543,18,2019,14,18
kubica,-0.588802,1.9562188,19,2019,14,17
kvyat,-0.62840915,1.8802526,20,2019,14,19
hamilton,1.8118391,20.284502,1,2019,15,4
vettel,1.1733384,10.711912,2,2019,15,1
leclerc,1.1398088,10.3587,3,2019,15,2
bottas,0.9694018,8.735716,4,2019,15,5
max_verstappen,0.79775566,7.357893,5,2019,15,3
albon,0.5603746,5.8031025,6,2019,15,6
hulkenberg,0.16523856,3.9089024,7,2019,15,9
norris,0.013388063,3.3582036,8,2019,15,7
gasly,-9.263866e-05,3.3132362,9,2019,15,8
sainz,-0.09293045,3.0194888,10,2019,15,12
giovinazzi,-0.12908699,2.912265,11,2019,15,10
ricciardo,-0.23246126,2.6262498,12,2019,15,14
stroll,-0.2910984,2.4766817,13,2019,15,13
kvyat,-0.32200545,2.4013054,14,2019,15,15
grosjean,-0.36432582,2.3018017,15,2019,15,11
perez,-0.3644906,2.3014226,16,2019,15,19
kevin_magnussen,-0.38815632,2.247597,17,2019,15,17
raikkonen,-0.40758386,2.204353,18,2019,15,18
russell,-0.54215217,1.9268103,19,2019,15,20
kubica,-0.6384817,1.749861,20,2019,15,16
hamilton,2.297916,29.81002,1,2019,16,1
bottas,1.1558914,9.514529,2,2019,16,2
leclerc,1.144295,9.404833,3,2019,16,3
max_verstappen,0.94819397,7.7301064,4,2019,16,4
albon,0.5303077,5.0897894,5,2019,16,5
sainz,0.44336885,4.6659784,6,2019,16,6
perez,0.0828335,3.2536004,7,2019,16,7
norris,0.04822128,3.1429126,8,2019,16,8
hulkenberg,-0.011618488,2.960358,9,2019,16,10
gasly,-0.04517489,2.8626668,10,2019,16,14
kevin_magnussen,-0.055466857,2.8333557,11,2019,16,9
ricciardo,-0.1522099,2.5720897,12,2019,16,19
kvyat,-0.26411763,2.2997742,13,2019,16,12
stroll,-0.26608464,2.2952552,14,2019,16,11
giovinazzi,-0.3496299,2.111289,15,2019,16,15
raikkonen,-0.3713429,2.0659409,16,2019,16,13
vettel,-0.40225127,2.0030627,17,2019,16,18
grosjean,-0.43796107,1.9327959,18,2019,16,20
russell,-0.49520442,1.8252634,19,2019,16,17
kubica,-0.6105738,1.626377,20,2019,16,16
hamilton,1.7790971,18.770956,1,2019,17,3
bottas,1.3802533,12.597103,2,2019,17,1
vettel,1.223553,10.770023,3,2019,17,2
leclerc,0.95546377,8.23734,4,2019,17,6
albon,0.72276217,6.5271854,5,2019,17,4
sainz,0.6405296,6.011915,6,2019,17,5
max_verstappen,0.30965024,4.318309,7,2019,17,18
gasly,0.25120294,4.0731497,8,2019,17,7
perez,0.20936322,3.9062462,9,2019,17,8
kvyat,-0.08515697,2.9097197,10,2019,17,10
norris,-0.10327008,2.8574903,11,2019,17,11
stroll,-0.18168917,2.641969,12,2019,17,9
raikkonen,-0.23293465,2.5099905,13,2019,17,12
grosjean,-0.24359064,2.4833863,14,2019,17,13
giovinazzi,-0.28308082,2.3872283,15,2019,17,14
kevin_magnussen,-0.3797732,2.1672096,16,2019,17,15
russell,-0.46934482,1.981529,17,2019,17,16
ricciardo,-0.58774555,1.7602714,18,2019,17,19
kubica,-0.6648871,1.6295873,19,2019,17,17
hulkenberg,-0.7751908,1.4593964,20,2019,17,20
hamilton,1.8685927,22.234373,1,2019,18,1
vettel,1.0042431,9.367908,2,2019,18,2
bottas,0.90288943,8.464966,3,2019,18,3
max_verstappen,0.72712845,7.1005716,4,2019,18,6
leclerc,0.69000244,6.8417883,5,2019,18,4
albon,0.46590975,5.4682374,6,2019,18,5
perez,0.34682378,4.8543267,7,2019,18,7
gasly,0.29153338,4.593214,8,2019,18,9
sainz,0.079485394,3.71557,9,2019,18,13
ricciardo,0.068445936,3.6747775,10,2019,18,8
hulkenberg,-0.15275636,2.9455342,11,2019,18,10
kvyat,-0.15989777,2.9245741,12,2019,18,11
stroll,-0.22901098,2.7292738,13,2019,18,12
giovinazzi,-0.28017506,2.5931456,14,2019,18,14
kevin_magnussen,-0.388803,2.3262177,15,2019,18,15
norris,-0.4145289,2.267137,16,2019,18,20
russell,-0.42730257,2.2383614,17,2019,18,16
raikkonen,-0.5124705,2.0556173,18,2019,18,19
grosjean,-0.5597908,1.9606104,19,2019,18,17
kubica,-0.7360339,1.6438035,20,2019,18,18
hamilton,1.7374623,18.56145,1,2019,19,2
bottas,1.5842814,15.925249,2,2019,19,1
max_verstappen,1.0575944,9.404788,3,2019,19,3
leclerc,0.712613,6.6607857,4,2019,19,4
albon,0.6958927,6.5503416,5,2019,19,5
ricciardo,0.32426566,4.5171905,6,2019,19,6
vettel,0.21062592,4.0319514,7,2019,19,20
norris,0.20244773,3.999112,8,2019,19,7
sainz,0.09231918,3.5820801,9,2019,19,8
perez,-0.021003673,3.1983044,10,2019,19,10
hulkenberg,-0.06585661,3.058021,11,2019,19,9
raikkonen,-0.16230549,2.7768555,12,2019,19,11
kvyat,-0.20470382,2.661582,13,2019,19,12
stroll,-0.28443092,2.4576204,14,2019,19,13
giovinazzi,-0.32092935,2.3695385,15,2019,19,14
grosjean,-0.37182915,2.251947,16,2019,19,15
gasly,-0.41146567,2.164434,17,2019,19,16
russell,-0.43278673,2.1187744,18,2019,19,17
kevin_magnussen,-0.47944728,2.0221822,19,2019,19,18
kubica,-0.66020495,1.6877893,20,2019,19,19
hamilton,1.7794799,19.088324,1,2019,20,7
max_verstappen,1.5553992,15.256354,2,2019,20,1
bottas,0.7916159,7.1079426,3,2019,20,20
raikkonen,0.690026,6.4213147,4,2019,20,4
gasly,0.5500923,5.582793,5,2019,20,2
sainz,0.39163348,4.7646804,6,2019,20,3
giovinazzi,0.36963427,4.6610055,7,2019,20,5
ricciardo,0.294542,4.3238187,8,2019,20,6
albon,0.17161137,3.823661,9,2019,20,14
vettel,0.1488589,3.7376456,10,2019,20,17
norris,0.0569118,3.4093063,11,2019,20,8
perez,-0.054052476,3.0512292,12,2019,20,9
kvyat,-0.15198082,2.7665918,13,2019,20,10
leclerc,-0.21031284,2.6098273,14,2019,20,18
kevin_magnussen,-0.23438178,2.547762,15,2019,20,11
russell,-0.28043866,2.4330812,16,2019,20,12
grosjean,-0.29293036,2.4028769,17,2019,20,13
hulkenberg,-0.3607551,2.245306,18,2019,20,15
stroll,-0.45365995,2.0461028,19,2019,20,19
kubica,-0.62705714,1.7203705,20,2019,20,16
hamilton,2.2820556,28.10535,1,2019,21,1
bottas,1.4759983,12.552285,2,2019,21,4
max_verstappen,1.2187897,9.705514,3,2019,21,2
leclerc,0.6944656,5.745231,4,2019,21,3
vettel,0.61651176,5.3143797,5,2019,21,5
albon,0.47230694,4.6007133,6,2019,21,6
norris,0.36146933,4.118025,7,2019,21,8
perez,0.26885673,3.753772,8,2019,21,7
sainz,0.1762919,3.4219015,9,2019,21,10
kvyat,-0.043419946,2.746932,10,2019,21,9
ricciardo,-0.06476368,2.6889226,11,2019,21,11
hulkenberg,-0.17030746,2.4195871,12,2019,21,12
raikkonen,-0.23206991,2.2746687,13,2019,21,13
kevin_magnussen,-0.26575682,2.1993186,14,2019,21,14
grosjean,-0.33078626,2.0608492,15,2019,21,15
giovinazzi,-0.409813,1.9042562,16,2019,21,16
stroll,-0.43941835,1.8487064,17,2019,21,20
russell,-0.5480353,1.6584263,18,2019,21,17
gasly,-0.61014855,1.5585499,19,2019,21,18
kubica,-0.774292,1.322617,20,2019,21,19
bottas,4.0193324,39.55888,1,2020,1,1
leclerc,3.1732848,16.975016,2,2020,1,2
norris,2.8824704,12.691447,3,2020,1,3
hamilton,2.489464,8.567037,4,2020,1,4
sainz,2.1578202,6.14893,5,2020,1,5
perez,1.8040253,4.3166647,6,2020,1,6
gasly,1.4692471,3.0885603,7,2020,1,7
ocon,1.165598,2.279727,8,2020,1,8
giovinazzi,0.8393289,1.645076,9,2020,1,9
vettel,0.38902572,1.048629,10,2020,1,10
latifi,0.036911026,0.73739535,11,2020,1,11
kvyat,-0.10206294,0.641719,12,2020,1,12
albon,-0.23033886,0.56446254,13,2020,1,13
raikkonen,-0.57011175,0.40185905,14,2020,1,14
russell,-0.7605234,0.33218426,15,2020,1,15
grosjean,-0.9339273,0.27929986,16,2020,1,16
kevin_magnussen,-1.066249,0.24468315,17,2020,1,17
stroll,-1.2480955,0.2039995,18,2020,1,18
ricciardo,-1.477799,0.16213253,19,2020,1,19
max_verstappen,-1.8449087,0.11231465,20,2020,1,20
hamilton,3.1310465,35.206177,1,2020,2,1
bottas,2.532503,19.349722,2,2020,2,2
max_verstappen,1.8158749,9.450334,3,2020,2,3
norris,1.638123,7.9113474,4,2020,2,5
albon,1.1359464,4.788042,5,2020,2,4
perez,0.8366161,3.5494442,6,2020,2,6
stroll,0.7162533,3.146933,7,2020,2,7
ricciardo,0.4967558,2.5267425,8,2020,2,8
sainz,0.4300133,2.3636062,9,2020,2,9
kvyat,0.16397898,1.811498,10,2020,2,10
raikkonen,-0.049155634,1.4637758,11,2020,2,11
kevin_magnussen,-0.26700822,1.177233,12,2020,2,12
grosjean,-0.35002634,1.0834483,13,2020,2,13
gasly,-0.3957287,1.0350463,14,2020,2,15
giovinazzi,-0.396531,1.0342166,15,2020,2,14
russell,-0.47834265,0.95297396,16,2020,2,16
latifi,-0.5096535,0.9235978,17,2020,2,17
ocon,-0.52232873,0.911965,18,2020,2,18
leclerc,-0.7535366,0.7237123,19,2020,2,19
vettel,-0.9574982,0.5901826,20,2020,2,20
hamilton,3.1151304,36.832756,1,2020,3,1
bottas,2.595291,21.901346,2,2020,3,3
max_verstappen,1.4937792,7.2793117,3,2020,3,2
stroll,1.1116973,4.967687,4,2020,3,4
albon,0.8750976,3.9210312,5,2020,3,5
perez,0.7728101,3.5397892,6,2020,3,7
vettel,0.71951187,3.3560646,7,2020,3,6
ricciardo,0.37605098,2.380494,8,2020,3,8
sainz,0.19318485,1.9826653,9,2020,3,9
leclerc,0.053284362,1.723818,10,2020,3,11
kevin_magnussen,-0.0073650144,1.6223768,11,2020,3,10
norris,-0.03782066,1.573711,12,2020,3,13
ocon,-0.17812571,1.3677013,13,2020,3,14
kvyat,-0.22231036,1.3085855,14,2020,3,12
raikkonen,-0.27769098,1.2380855,15,2020,3,15
grosjean,-0.36805952,1.1311078,16,2020,3,16
giovinazzi,-0.44970036,1.0424324,17,2020,3,17
russell,-0.5257663,0.9660794,18,2020,3,18
latifi,-0.5307232,0.9613027,19,2020,3,19
gasly,-0.5925698,0.9036504,20,2020,3,20
hamilton,3.1039693,45.667202,1,2020,4,1
max_verstappen,1.5148872,9.321264,2,2020,4,2
leclerc,1.2827047,7.389911,3,2020,4,3
norris,0.9259087,5.172312,4,2020,4,5
ricciardo,0.7634306,4.396644,5,2020,4,4
ocon,0.5776666,3.6512785,6,2020,4,6
albon,0.53111607,3.4852057,7,2020,4,8
gasly,0.36512482,2.9521568,8,2020,4,7
stroll,0.20881294,2.5249567,9,2020,4,9
bottas,0.1013622,2.2677162,10,2020,4,11
vettel,-0.074781574,1.901474,11,2020,4,10
sainz,-0.2069145,1.6661184,12,2020,4,13
russell,-0.29280084,1.5289942,13,2020,4,12
giovinazzi,-0.4032875,1.369059,14,2020,4,14
latifi,-0.4246842,1.3400766,15,2020,4,15
grosjean,-0.48177803,1.2657098,16,2020,4,16
raikkonen,-0.50297713,1.2391603,17,2020,4,17
kvyat,-0.5136477,1.2260077,18,2020,4,18
kevin_magnussen,-0.6479384,1.0719424,19,2020,4,19
hulkenberg,-1.2922201,0.56281215,20,2020,4,20
hamilton,2.7290163,32.632732,1,2020,5,2
max_verstappen,2.0232174,16.111238,2,2020,5,1
bottas,1.390666,8.558847,3,2020,5,3
leclerc,0.9281175,5.389309,4,2020,5,4
albon,0.85999364,5.0343943,5,2020,5,5
stroll,0.7813463,4.653622,6,2020,5,6
hulkenberg,0.60941046,3.9185042,7,2020,5,7
ocon,0.4055383,3.1958013,8,2020,5,8
norris,0.3052735,2.890915,9,2020,5,9
ricciardo,0.058316685,2.258309,10,2020,5,14
gasly,0.019976843,2.1733644,11,2020,5,11
kvyat,-0.10679187,1.9145976,12,2020,5,10
vettel,-0.13369785,1.863771,13,2020,5,12
sainz,-0.27821955,1.6129746,14,2020,5,13
raikkonen,-0.34184116,1.5135508,15,2020,5,15
grosjean,-0.39303,1.4380236,16,2020,5,16
giovinazzi,-0.43845463,1.3741633,17,2020,5,17
russell,-0.5336201,1.24942,18,2020,5,18
latifi,-0.62075216,1.1451635,19,2020,5,19
kevin_magnussen,-0.68743193,1.0712945,20,2020,5,20
hamilton,1.9526402,20.582277,1,2020,6,1
max_verstappen,1.5498868,13.758777,2,2020,6,2
bottas,1.3766396,11.570165,3,2020,6,3
stroll,1.0483723,8.332491,4,2020,6,4
perez,0.639061,5.533669,5,2020,6,5
sainz,0.51792735,4.902364,6,2020,6,6
vettel,0.33153057,4.068689,7,2020,6,7
albon,0.18927716,3.5291865,8,2020,6,8
gasly,0.107501164,3.252069,9,2020,6,9
norris,0.063000895,3.1105235,10,2020,6,10
ricciardo,0.012074059,2.956081,11,2020,6,11
leclerc,-0.1609516,2.4864066,12,2020,6,20
kvyat,-0.17445864,2.4530485,13,2020,6,12
ocon,-0.21287271,2.360604,14,2020,6,13
raikkonen,-0.23108463,2.3180015,15,2020,6,14
kevin_magnussen,-0.36163807,2.034301,16,2020,6,15
giovinazzi,-0.4439323,1.8735925,17,2020,6,16
russell,-0.49793932,1.7750896,18,2020,6,17
latifi,-0.56648624,1.6574893,19,2020,6,18
grosjean,-0.7035579,1.4451777,20,2020,6,19
hamilton,1.867389,20.462202,1,2020,7,1
bottas,1.2934263,11.52613,2,2020,7,2
max_verstappen,1.0134383,8.711367,3,2020,7,3
ricciardo,1.0016009,8.608854,4,2020,7,4
ocon,0.79883516,7.0288672,5,2020,7,5
albon,0.60877824,5.8122554,6,2020,7,6
norris,0.41439083,4.785455,7,2020,7,7
stroll,0.37152252,4.5846457,8,2020,7,9
gasly,0.17479965,3.765912,9,2020,7,8
perez,-0.034239564,3.0555236,10,2020,7,10
kvyat,-0.13357228,2.7665968,11,2020,7,11
raikkonen,-0.2114363,2.559352,12,2020,7,12
vettel,-0.23630662,2.4964848,13,2020,7,13
leclerc,-0.33441734,2.2631848,14,2020,7,14
grosjean,-0.39835492,2.1230109,15,2020,7,15
latifi,-0.44974867,2.016658,16,2020,7,16
giovinazzi,-0.48190692,1.9528376,17,2020,7,18
kevin_magnussen,-0.5154522,1.8884158,18,2020,7,17
russell,-0.55093753,1.8225796,19,2020,7,19
sainz,-0.5803903,1.7696828,20,2020,7,20
bottas,1.3615783,12.7388115,1,2020,8,5
gasly,1.2749784,11.682051,2,2020,8,1
sainz,1.135742,10.163644,3,2020,8,2
stroll,1.0743569,9.558512,4,2020,8,3
hamilton,0.9355548,8.319731,5,2020,8,7
norris,0.751438,6.920674,6,2020,8,4
ricciardo,0.3840715,4.792952,7,2020,8,6
kvyat,0.21826021,4.0606184,8,2020,8,9
ocon,0.14972934,3.7916622,9,2020,8,8
perez,0.10381284,3.6214986,10,2020,8,10
albon,0.021178713,3.33427,11,2020,8,15
latifi,-0.1625306,2.7747054,12,2020,8,11
max_verstappen,-0.19205907,2.6939702,13,2020,8,17
grosjean,-0.20774111,2.6520529,14,2020,8,12
raikkonen,-0.2888363,2.4454732,15,2020,8,13
russell,-0.36420357,2.267939,16,2020,8,14
giovinazzi,-0.37929994,2.2339585,17,2020,8,16
leclerc,-0.44985753,2.081768,18,2020,8,18
kevin_magnussen,-0.5054162,1.969262,19,2020,8,19
vettel,-0.5430933,1.8964462,20,2020,8,20
hamilton,2.136121,25.355297,1,2020,9,1
bottas,1.5656239,14.331937,2,2020,9,2
albon,1.16048,9.557695,3,2020,9,3
ricciardo,0.7673493,6.4508758,4,2020,9,4
perez,0.433194,4.6184564,5,2020,9,5
norris,0.30313054,4.055188,6,2020,9,6
kvyat,0.2611019,3.8882864,7,2020,9,7
leclerc,0.22434247,3.74795,8,2020,9,8
max_verstappen,0.21761157,3.7228081,9,2020,9,19
raikkonen,0.14352682,3.4569728,10,2020,9,9
vettel,-0.02753622,2.9134278,11,2020,9,10
stroll,-0.10335555,2.7007,12,2020,9,13
ocon,-0.19122171,2.4735267,13,2020,9,14
grosjean,-0.2899285,2.241036,14,2020,9,12
giovinazzi,-0.3266286,2.16028,15,2020,9,17
russell,-0.4067912,1.9938658,16,2020,9,11
kevin_magnussen,-0.41537693,1.9768202,17,2020,9,16
latifi,-0.64934444,1.564431,18,2020,9,15
sainz,-0.6655548,1.5392755,19,2020,9,18
gasly,-0.8727854,1.2511727,20,2020,9,20
hamilton,1.9643319,21.626564,1,2020,10,3
bottas,1.4882853,13.435168,2,2020,10,1
max_verstappen,1.190053,9.970628,3,2020,10,2
perez,0.9367224,7.7393136,4,2020,10,4
ricciardo,0.9020372,7.4754753,5,2020,10,5
leclerc,0.3920031,4.488837,6,2020,10,6
ocon,0.21454789,3.7589457,7,2020,10,7
norris,0.17210023,3.602726,8,2020,10,15
kvyat,0.12062518,3.4219675,9,2020,10,8
gasly,0.04759259,3.1809607,10,2020,10,9
albon,-0.069665894,2.8290038,11,2020,10,10
giovinazzi,-0.18694851,2.5159287,12,2020,10,11
vettel,-0.22801726,2.4146957,13,2020,10,13
kevin_magnussen,-0.26685303,2.3227167,14,2020,10,12
sainz,-0.31523883,2.213006,15,2020,10,19
raikkonen,-0.31973898,2.203069,16,2020,10,14
russell,-0.4745165,1.8871619,17,2020,10,18
grosjean,-0.4928359,1.8529048,18,2020,10,17
latifi,-0.63061285,1.614423,19,2020,10,16
stroll,-0.7404398,1.4465059,20,2020,10,20
hamilton,2.2196634,25.89896,1,2020,11,1
max_verstappen,1.5055797,12.68118,2,2020,11,2
ricciardo,1.1092412,8.531631,3,2020,11,3
perez,0.9800152,7.497389,4,2020,11,4
bottas,0.706084,5.7008967,5,2020,11,19
sainz,0.39119765,4.160924,6,2020,11,5
gasly,0.2583151,3.643171,7,2020,11,6
leclerc,0.23103678,3.5451348,8,2020,11,7
hulkenberg,0.15809351,3.2957473,9,2020,11,8
grosjean,0.09516185,3.0947323,10,2020,11,9
giovinazzi,0.00026248372,2.8145487,11,2020,11,10
vettel,-0.06495684,2.6368434,12,2020,11,11
norris,-0.1004401,2.5449204,13,2020,11,16
ocon,-0.10476893,2.5339274,14,2020,11,18
albon,-0.19095857,2.3246765,15,2020,11,17
raikkonen,-0.29140902,2.102507,16,2020,11,12
kvyat,-0.29417,2.0967104,17,2020,11,15
kevin_magnussen,-0.43919832,1.8136498,18,2020,11,13
russell,-0.5064821,1.695635,19,2020,11,20
latifi,-0.7075305,1.3868139,20,2020,11,14
hamilton,2.2047276,25.70344,1,2020,12,1
bottas,1.273386,10.127789,2,2020,12,2
max_verstappen,1.1278203,8.755808,3,2020,12,3
leclerc,1.0740368,8.297333,4,2020,12,4
perez,0.7332194,5.9009686,5,2020,12,7
sainz,0.6498841,5.429143,6,2020,12,6
gasly,0.54238176,4.875774,7,2020,12,5
ricciardo,0.46812746,4.5268426,8,2020,12,9
ocon,0.09172072,3.1068766,9,2020,12,8
vettel,0.04013952,2.9506826,10,2020,12,10
albon,-0.035400175,2.736,11,2020,12,12
norris,-0.050630245,2.694646,12,2020,12,13
raikkonen,-0.20774035,2.302871,13,2020,12,11
giovinazzi,-0.22601004,2.2611806,14,2020,12,15
russell,-0.33907077,2.0194523,15,2020,12,14
kvyat,-0.36817694,1.9615209,16,2020,12,19
grosjean,-0.37178046,1.9544655,17,2020,12,17
kevin_magnussen,-0.5320463,1.6650428,18,2020,12,16
stroll,-0.68504685,1.4288219,19,2020,12,20
latifi,-0.7784992,1.3013446,20,2020,12,18
hamilton,2.0788379,23.98261,1,2020,13,1
bottas,1.3848406,11.981115,2,2020,13,2
ricciardo,1.085385,8.880661,3,2020,13,3
kvyat,0.82281846,6.8298974,4,2020,13,4
leclerc,0.73735434,6.2704334,5,2020,13,5
perez,0.5898754,5.410636,6,2020,13,6
max_verstappen,0.41964692,4.5637207,7,2020,13,17
sainz,0.31290945,4.1016965,8,2020,13,7
norris,0.1596068,3.5187225,9,2020,13,8
raikkonen,0.042144436,3.1287565,10,2020,13,9
giovinazzi,-0.11926962,2.6623828,11,2020,13,10
vettel,-0.17835522,2.5096316,12,2020,13,12
stroll,-0.2183177,2.4113178,13,2020,13,13
grosjean,-0.2846652,2.256525,14,2020,13,14
albon,-0.30327776,2.2149134,15,2020,13,15
ocon,-0.34522012,2.1239362,16,2020,13,19
russell,-0.3969617,2.0168352,17,2020,13,16
gasly,-0.41590077,1.9789977,18,2020,13,20
kevin_magnussen,-0.5393788,1.7491189,19,2020,13,18
latifi,-0.7562554,1.4080921,20,2020,13,11
hamilton,1.4984225,15.924692,1,2020,14,1
max_verstappen,0.9875185,9.554066,2,2020,14,6
perez,0.9041681,8.790016,3,2020,14,2
vettel,0.58779854,6.4060755,4,2020,14,3
sainz,0.5395855,6.1045465,5,2020,14,5
albon,0.4951929,5.839477,6,2020,14,7
leclerc,0.4919992,5.8208575,7,2020,14,4
stroll,0.25732303,4.603291,8,2020,14,9
norris,0.25379294,4.587069,9,2020,14,8
bottas,0.20601818,4.3730755,10,2020,14,14
ricciardo,0.08750384,3.884336,11,2020,14,10
ocon,0.009872872,3.5941997,12,2020,14,11
kvyat,-0.12746882,3.1329644,13,2020,14,12
raikkonen,-0.13098973,3.1219523,14,2020,14,15
gasly,-0.2205604,2.8544748,15,2020,14,13
giovinazzi,-0.22350425,2.846084,16,2020,14,20
russell,-0.3419965,2.528059,17,2020,14,16
kevin_magnussen,-0.46620756,2.232765,18,2020,14,17
grosjean,-0.4941951,2.1711419,19,2020,14,18
latifi,-0.780351,1.6308433,20,2020,14,19
hamilton,2.001193,23.887665,1,2020,15,1
max_verstappen,1.2984909,11.830252,2,2020,15,2
bottas,1.0677669,9.392731,3,2020,15,8
albon,0.607404,5.927326,4,2020,15,3
norris,0.54258794,5.5553265,5,2020,15,4
ricciardo,0.4660149,5.1458163,6,2020,15,7
sainz,0.2742382,4.2478256,7,2020,15,5
gasly,0.17033331,3.8286119,8,2020,15,6
ocon,0.080075115,3.4981852,9,2020,15,9
leclerc,0.0054384638,3.246598,10,2020,15,10
perez,-0.020213088,3.1643763,11,2020,15,18
kvyat,-0.08044658,2.9794023,12,2020,15,11
vettel,-0.18078877,2.694952,13,2020,15,13
raikkonen,-0.2255088,2.577089,14,2020,15,15
giovinazzi,-0.30844292,2.371983,15,2020,15,16
russell,-0.3887769,2.1888852,16,2020,15,12
stroll,-0.40832126,2.1465194,17,2020,15,19
kevin_magnussen,-0.53486276,1.8913795,18,2020,15,17
grosjean,-0.5863302,1.7964976,19,2020,15,20
latifi,-0.6844626,1.628577,20,2020,15,14
bottas,1.3068631,14.300651,1,2020,16,8
max_verstappen,0.84995234,9.055699,2,2020,16,19
perez,0.7304955,8.036048,3,2020,16,1
ocon,0.57621133,6.8871217,4,2020,16,2
stroll,0.4387865,6.002815,5,2020,16,3
sainz,0.39889568,5.7680707,6,2020,16,4
ricciardo,0.32830802,5.3749537,7,2020,16,5
albon,0.32275125,5.3451695,8,2020,16,6
kvyat,0.25626606,5.0013514,9,2020,16,7
russell,0.12394899,4.3814993,10,2020,16,9
norris,0.006852693,3.8973413,11,2020,16,10
gasly,-0.013917535,3.8172271,12,2020,16,11
vettel,-0.082219645,3.565208,13,2020,16,12
leclerc,-0.13807791,3.3715208,14,2020,16,20
giovinazzi,-0.23912533,3.0474846,15,2020,16,13
raikkonen,-0.26609036,2.966407,16,2020,16,14
kevin_magnussen,-0.4184597,2.5471683,17,2020,16,15
aitken,-0.45718682,2.4504094,18,2020,16,16
pietro_fittipaldi,-0.58956146,2.14659,19,2020,16,17
latifi,-0.6418316,2.0372694,20,2020,16,18
max_verstappen,1.8334459,19.687998,1,2020,17,1
hamilton,1.6654018,16.64259,2,2020,17,3
bottas,1.2648734,11.149969,3,2020,17,2
albon,0.6265015,5.8888736,4,2020,17,4
norris,0.5344408,5.3709464,5,2020,17,5
sainz,0.43167698,4.8464203,6,2020,17,6
ricciardo,0.3303854,4.379562,7,2020,17,7
gasly,0.16624814,3.7166085,8,2020,17,8
stroll,0.15534495,3.6763058,9,2020,17,10
ocon,-0.055204768,2.9783175,10,2020,17,9
kvyat,-0.112965845,2.811161,11,2020,17,11
raikkonen,-0.15397693,2.698204,12,2020,17,12
leclerc,-0.1894054,2.6042845,13,2020,17,13
vettel,-0.28047478,2.377593,14,2020,17,14
russell,-0.31908262,2.2875483,15,2020,17,15
giovinazzi,-0.38565132,2.1402273,16,2020,17,16
kevin_magnussen,-0.5259928,1.8599888,17,2020,17,18
perez,-0.5805827,1.7611738,18,2020,17,20
pietro_fittipaldi,-0.68265545,1.5902765,19,2020,17,19
latifi,-0.72001773,1.5319562,20,2020,17,17
hamilton,3.9350386,32.926704,1,2021,1,1
max_verstappen,3.5106144,21.538881,2,2021,1,2
bottas,3.127284,14.680639,3,2021,1,3
norris,2.653916,9.144578,4,2021,1,4
perez,2.1482072,5.514895,5,2021,1,5
leclerc,1.8567985,4.1207867,6,2021,1,6
ricciardo,1.6548306,3.3671808,7,2021,1,7
sainz,1.2564814,2.2608182,8,2021,1,8
tsunoda,0.90707284,1.5941141,9,2021,1,9
stroll,0.57443815,1.1430309,10,2021,1,10
raikkonen,0.09320088,0.70641404,11,2021,1,11
giovinazzi,-0.0008188324,0.64302397,12,2021,1,12
ocon,-0.20871975,0.5223203,13,2021,1,13
russell,-0.43016827,0.41856515,14,2021,1,14
vettel,-0.58084846,0.36001724,15,2021,1,15
mick_schumacher,-0.7079258,0.31705484,16,2021,1,16
gasly,-0.9003615,0.26155356,17,2021,1,17
latifi,-1.0563865,0.22376896,18,2021,1,18
alonso,-1.4516484,0.15070923,19,2021,1,19
mazepin,-1.8134903,0.104952745,20,2021,1,20
max_verstappen,2.8371341,27.790876,1,2021,2,1
hamilton,2.5841432,21.578917,2,2021,2,2
norris,2.214073,14.904253,3,2021,2,3
leclerc,1.4728632,7.102429,4,2021,2,4
sainz,1.0804954,4.797376,5,2021,2,5
ricciardo,0.81377065,3.6742322,6,2021,2,6
gasly,0.7245444,3.3605947,7,2021,2,7
stroll,0.4530201,2.5615017,8,2021,2,8
ocon,0.306389,2.2121453,9,2021,2,9
alonso,0.18764174,1.9644566,10,2021,2,10
perez,-0.030646928,1.5792129,11,2021,2,11
tsunoda,-0.22589108,1.2991141,12,2021,2,12
raikkonen,-0.2731282,1.2391744,13,2021,2,13
giovinazzi,-0.3378251,1.1615423,14,2021,2,14
vettel,-0.44308618,1.0454919,15,2021,2,15
bottas,-0.6324464,0.86513233,16,2021,2,18
russell,-0.706706,0.80321544,17,2021,2,19
mick_schumacher,-0.7290411,0.78547436,18,2021,2,16
latifi,-0.89578474,0.6648386,19,2021,2,20
mazepin,-0.98184216,0.610017,20,2021,2,17
hamilton,2.3603125,25.841545,1,2021,3,1
max_verstappen,2.072252,19.373825,2,2021,3,2
bottas,1.2876034,8.83989,3,2021,3,3
perez,1.0826929,7.202036,4,2021,3,4
norris,0.9089747,6.0535545,5,2021,3,5
leclerc,0.63195044,4.588813,6,2021,3,6
ocon,0.5160315,4.086556,7,2021,3,7
alonso,0.26836625,3.1900525,8,2021,3,8
ricciardo,0.18651652,2.9393473,9,2021,3,9
gasly,0.046000477,2.5540273,10,2021,3,10
sainz,-0.053326245,2.3125362,11,2021,3,11
giovinazzi,-0.22900018,1.939967,12,2021,3,12
vettel,-0.3273709,1.7582169,13,2021,3,13
stroll,-0.3501491,1.7186202,14,2021,3,14
tsunoda,-0.42563286,1.5936676,15,2021,3,15
russell,-0.51680994,1.4547893,16,2021,3,16
raikkonen,-0.5318095,1.4331309,17,2021,3,20
latifi,-0.76321626,1.13707,18,2021,3,18
mick_schumacher,-0.7792491,1.1189849,19,2021,3,17
mazepin,-1.0385681,0.8633829,20,2021,3,19
hamilton,2.410585,25.724882,1,2021,4,1
max_verstappen,2.2246978,21.361103,2,2021,4,2
bottas,1.2912986,8.399502,3,2021,4,3
leclerc,1.1560867,7.3372235,4,2021,4,4
perez,0.7863908,5.0696135,5,2021,4,5
ricciardo,0.62300926,4.3054557,6,2021,4,6
sainz,0.4857552,3.753276,7,2021,4,7
norris,0.33305112,3.221751,8,2021,4,8
ocon,0.15677387,2.701069,9,2021,4,9
gasly,0.06486284,2.463878,10,2021,4,10
stroll,-0.015059222,2.2746234,11,2021,4,11
raikkonen,-0.12951379,2.0286288,12,2021,4,12
vettel,-0.22053728,1.8521303,13,2021,4,13
russell,-0.3392836,1.6447531,14,2021,4,14
giovinazzi,-0.3697656,1.5953742,15,2021,4,15
alonso,-0.43357116,1.4967599,16,2021,4,17
latifi,-0.5143392,1.3806226,17,2021,4,16
tsunoda,-0.5376442,1.3488193,18,2021,4,20
mick_schumacher,-0.66420543,1.1884717,19,2021,4,18
mazepin,-0.99697584,0.8520568,20,2021,4,19
max_verstappen,1.5103844,16.803394,1,2021,5,1
norris,1.0575775,10.684285,2,2021,5,3
sainz,0.918925,9.300995,3,2021,5,2
perez,0.74323356,7.8023896,4,2021,5,4
vettel,0.6604233,7.182301,5,2021,5,5
gasly,0.5874347,6.676749,6,2021,5,6
hamilton,0.48639464,6.035092,7,2021,5,7
stroll,0.099479675,4.0987263,8,2021,5,8
ocon,0.044250045,3.878492,9,2021,5,9
giovinazzi,-0.00217677,3.7025423,10,2021,5,10
ricciardo,-0.08270606,3.4160686,11,2021,5,12
raikkonen,-0.21513975,2.9923427,12,2021,5,11
bottas,-0.28163245,2.7998452,13,2021,5,19
alonso,-0.334869,2.6546888,14,2021,5,13
russell,-0.4318139,2.4094117,15,2021,5,14
latifi,-0.46522754,2.3302345,16,2021,5,15
tsunoda,-0.50227076,2.2454944,17,2021,5,16
mick_schumacher,-0.69142395,1.8585052,18,2021,5,18
leclerc,-0.79260373,1.6796625,19,2021,5,20
mazepin,-0.94046676,1.4487915,20,2021,5,17
perez,1.4716914,15.495741,1,2021,6,1
vettel,1.1220391,10.923462,2,2021,6,2
leclerc,1.049464,10.158775,3,2021,6,4
gasly,0.940405,9.109144,4,2021,6,3
norris,0.84604985,8.288954,5,2021,6,5
alonso,0.58344764,6.3746004,6,2021,6,6
sainz,0.48757875,5.7918553,7,2021,6,8
tsunoda,0.2337569,4.4934955,8,2021,6,7
ricciardo,0.037012625,3.69096,9,2021,6,9
raikkonen,-0.0109609775,3.5180714,10,2021,6,10
max_verstappen,-0.18333192,2.9610443,11,2021,6,18
giovinazzi,-0.28744844,2.6682572,12,2021,6,11
bottas,-0.32095364,2.5803378,13,2021,6,12
mick_schumacher,-0.418311,2.340964,14,2021,6,13
hamilton,-0.47455704,2.212929,15,2021,6,15
russell,-0.5149964,2.1252246,16,2021,6,17
ocon,-0.5619566,2.027731,17,2021,6,20
latifi,-0.64169955,1.8723127,18,2021,6,16
stroll,-0.6891358,1.785571,19,2021,6,19
mazepin,-0.8110896,1.5805681,20,2021,6,14
max_verstappen,2.455837,31.193224,1,2021,7,1
hamilton,1.6392763,13.785815,2,2021,7,2
perez,1.2645121,9.4770775,3,2021,7,3
bottas,0.893353,6.5385594,4,2021,7,4
norris,0.74685484,5.647532,5,2021,7,5
ricciardo,0.41658428,4.0590467,6,2021,7,6
gasly,0.28713438,3.5661917,7,2021,7,7
alonso,0.25815487,3.4643285,8,2021,7,8
vettel,0.039066423,2.7827237,9,2021,7,9
stroll,-0.06293687,2.5128741,10,2021,7,10
sainz,-0.08333176,2.462143,11,2021,7,11
russell,-0.30288342,1.9768023,12,2021,7,12
tsunoda,-0.33156982,1.9209003,13,2021,7,13
ocon,-0.35708222,1.8725138,14,2021,7,14
giovinazzi,-0.42348582,1.7522106,15,2021,7,15
leclerc,-0.47889066,1.6577698,16,2021,7,16
raikkonen,-0.48563677,1.6466241,17,2021,7,17
latifi,-0.7128741,1.3119175,18,2021,7,18
mick_schumacher,-0.76003164,1.2514868,19,2021,7,19
mazepin,-0.87079823,1.1202652,20,2021,7,20
max_verstappen,2.1491225,24.146973,1,2021,8,1
hamilton,1.7258292,15.81353,2,2021,8,2
bottas,1.3189833,10.527804,3,2021,8,3
perez,0.9064404,6.9690356,4,2021,8,4
norris,0.73654586,5.8801503,5,2021,8,5
sainz,0.56186527,4.9377112,6,2021,8,6
leclerc,0.46621358,4.487295,7,2021,8,7
alonso,0.21418293,3.48762,8,2021,8,9
stroll,0.12030071,3.1750944,9,2021,8,8
tsunoda,-0.09299267,2.5652184,10,2021,8,10
raikkonen,-0.14277948,2.4406319,11,2021,8,11
vettel,-0.23882255,2.217131,12,2021,8,12
ricciardo,-0.26615822,2.1573446,13,2021,8,13
ocon,-0.4319203,1.8278059,14,2021,8,14
giovinazzi,-0.43204924,1.8275701,15,2021,8,15
gasly,-0.4573907,1.7818388,16,2021,8,20
russell,-0.53882664,1.6424841,17,2021,8,19
mick_schumacher,-0.6014988,1.5427053,18,2021,8,16
latifi,-0.6842293,1.4202132,19,2021,8,17
mazepin,-0.8936735,1.1518428,20,2021,8,18
max_verstappen,2.1576436,27.185562,1,2021,9,1
bottas,1.2244303,10.691754,2,2021,9,2
norris,1.0766591,9.223012,3,2021,9,3
hamilton,0.7436218,6.6105337,4,2021,9,4
sainz,0.54658633,5.428315,5,2021,9,5
perez,0.37002125,4.5497117,6,2021,9,6
ricciardo,0.31254017,4.295563,7,2021,9,7
leclerc,0.2600394,4.07586,8,2021,9,8
gasly,0.03569302,3.2567687,9,2021,9,9
alonso,-0.062892206,2.951018,10,2021,9,10
stroll,-0.10933458,2.8171,11,2021,9,13
russell,-0.15275529,2.697397,12,2021,9,11
tsunoda,-0.20810372,2.552157,13,2021,9,12
giovinazzi,-0.25398868,2.4376972,14,2021,9,14
raikkonen,-0.2838217,2.3660474,15,2021,9,15
ocon,-0.3414343,2.2335858,16,2021,9,20
vettel,-0.40219304,2.1019163,17,2021,9,17
latifi,-0.57532257,1.7677718,18,2021,9,16
mick_schumacher,-0.6486,1.6428666,19,2021,9,18
mazepin,-1.035866,1.1153592,20,2021,9,19
hamilton,2.474896,32.395115,1,2021,10,1
max_verstappen,1.1855799,8.923529,2,2021,10,20
leclerc,1.099679,8.188991,3,2021,10,2
bottas,0.8552186,6.41302,4,2021,10,3
norris,0.662348,5.2881036,5,2021,10,4
ricciardo,0.6387383,5.1647153,6,2021,10,5
sainz,0.43085274,4.1952977,7,2021,10,6
alonso,0.3059511,3.702702,8,2021,10,7
stroll,0.18472746,3.2799854,9,2021,10,8
ocon,0.12850565,3.1006672,10,2021,10,9
gasly,0.031492885,2.8139935,11,2021,10,11
tsunoda,-0.1555122,2.3340373,12,2021,10,10
russell,-0.20691523,2.2170923,13,2021,10,12
giovinazzi,-0.2493674,2.1249413,14,2021,10,13
latifi,-0.286585,2.0473096,15,2021,10,14
raikkonen,-0.34078243,1.9393041,16,2021,10,15
perez,-0.44498166,1.7474018,17,2021,10,16
vettel,-0.45224306,1.7347593,18,2021,10,19
mick_schumacher,-0.682225,1.3783494,19,2021,10,18
mazepin,-0.99248344,1.010685,20,2021,10,17
hamilton,2.7548008,37.2264,1,2021,11,2
ocon,1.305001,8.733955,2,2021,11,1
max_verstappen,1.0243183,6.5964766,3,2021,11,9
sainz,0.8223981,5.3903785,4,2021,11,3
alonso,0.6777581,4.6644764,5,2021,11,4
gasly,0.6598302,4.581596,6,2021,11,5
latifi,0.515798,3.967021,7,2021,11,7
norris,0.34784222,3.3536844,8,2021,11,15
russell,0.26790115,3.0960236,9,2021,11,8
tsunoda,0.26082367,3.0741892,10,2021,11,6
bottas,0.20450729,2.9058464,11,2021,11,16
ricciardo,0.14186731,2.729408,12,2021,11,11
raikkonen,-0.011932335,2.340314,13,2021,11,10
perez,-0.08962123,2.1653805,14,2021,11,17
leclerc,-0.103199005,2.1361785,15,2021,11,18
giovinazzi,-0.26817465,1.8112961,16,2021,11,13
stroll,-0.33195576,1.6993771,17,2021,11,19
vettel,-0.43066156,1.5396509,18,2021,11,20
mick_schumacher,-0.7641558,1.1030306,19,2021,11,12
mazepin,-0.98403656,0.88530844,20,2021,11,14
max_verstappen,1.5878819,16.755407,1,2021,12,1
hamilton,1.3608211,13.351919,2,2021,12,3
russell,0.94830084,8.838701,3,2021,12,2
ricciardo,0.71433896,6.994878,4,2021,12,4
vettel,0.5036019,5.66576,5,2021,12,5
gasly,0.39128706,5.063846,6,2021,12,6
ocon,0.34336638,4.8269053,7,2021,12,7
leclerc,0.22051153,4.2688766,8,2021,12,8
sainz,0.1760717,4.083322,9,2021,12,10
latifi,0.106435515,3.8086495,10,2021,12,9
norris,0.033416525,3.5404568,11,2021,12,14
alonso,0.022882791,3.503358,12,2021,12,11
bottas,-0.064468734,3.2103193,13,2021,12,12
giovinazzi,-0.14977492,2.9478152,14,2021,12,13
tsunoda,-0.24929096,2.6685846,15,2021,12,15
stroll,-0.29146585,2.5583775,16,2021,12,20
perez,-0.30467978,2.5247936,17,2021,12,19
raikkonen,-0.32688546,2.4693468,18,2021,12,18
mick_schumacher,-0.67191625,1.748788,19,2021,12,16
mazepin,-1.0739273,1.1698924,20,2021,12,17
max_verstappen,2.0468938,22.270142,1,2021,13,1
hamilton,1.8439242,18.179182,2,2021,13,2
bottas,0.8840243,6.9613776,3,2021,13,3
gasly,0.74537903,6.0601344,4,2021,13,4
leclerc,0.6554504,5.538941,5,2021,13,5
alonso,0.59659487,5.222351,6,2021,13,6
sainz,0.4919079,4.7032833,7,2021,13,7
perez,0.42703763,4.4078655,8,2021,13,8
ocon,0.17330858,3.420072,9,2021,13,9
norris,0.074993946,3.0998287,10,2021,13,10
ricciardo,-0.018694993,2.8225992,11,2021,13,11
stroll,-0.11872455,2.5539172,12,2021,13,12
vettel,-0.1931437,2.3707573,13,2021,13,13
giovinazzi,-0.24205272,2.257595,14,2021,13,14
latifi,-0.29003078,2.1518376,15,2021,13,16
kubica,-0.33555946,2.0560644,16,2021,13,15
tsunoda,-0.37492505,1.9766979,17,2021,13,19
russell,-0.482543,1.775017,18,2021,13,17
mick_schumacher,-0.8345752,1.2482939,19,2021,13,18
mazepin,-1.1353338,0.9240577,20,2021,13,20
ricciardo,1.1326984,12.63988,1,2021,14,1
bottas,0.98600525,10.91528,2,2021,14,3
norris,0.77616453,8.849165,3,2021,14,2
leclerc,0.6840452,8.070406,4,2021,14,4
perez,0.48697677,6.626888,5,2021,14,5
sainz,0.41675332,6.1774883,6,2021,14,6
max_verstappen,0.36013058,5.837421,7,2021,14,18
stroll,0.22488831,5.099012,8,2021,14,7
alonso,0.12309849,4.605526,9,2021,14,8
russell,-0.082757294,3.74867,10,2021,14,9
ocon,-0.17504427,3.4182005,11,2021,14,10
latifi,-0.1824098,3.3931162,12,2021,14,11
vettel,-0.22148909,3.263073,13,2021,14,12
giovinazzi,-0.26832908,3.1137552,14,2021,14,13
kubica,-0.32072195,2.9548163,15,2021,14,14
hamilton,-0.39794937,2.7352126,16,2021,14,17
gasly,-0.5137242,2.436187,17,2021,14,19
tsunoda,-0.5439765,2.3635907,18,2021,14,20
mick_schumacher,-0.60018945,2.2343917,19,2021,14,15
mazepin,-0.9868155,1.5179229,20,2021,14,16
hamilton,2.050468,22.596941,1,2021,15,1
max_verstappen,1.5987042,14.383056,2,2021,15,2
sainz,1.0666939,8.448935,3,2021,15,3
bottas,0.77628374,6.319438,4,2021,15,5
ricciardo,0.6032966,5.3155856,5,2021,15,4
norris,0.5419715,4.9994,6,2021,15,7
alonso,0.507474,4.8298745,7,2021,15,6
perez,0.40159646,4.3446403,8,2021,15,9
raikkonen,0.24501818,3.7149484,9,2021,15,8
russell,0.11459618,3.2607026,10,2021,15,10
stroll,0.077655256,3.142447,11,2021,15,11
vettel,0.021774817,2.9716618,12,2021,15,12
gasly,-0.02003218,2.8499868,13,2021,15,13
ocon,-0.092868455,2.6497836,14,2021,15,14
leclerc,-0.1690012,2.4555368,15,2021,15,15
giovinazzi,-0.28967437,2.1764002,16,2021,15,16
tsunoda,-0.47829556,1.8022772,17,2021,15,17
latifi,-0.6570144,1.5073184,18,2021,15,19
mick_schumacher,-0.8239448,1.275581,19,2021,15,20
mazepin,-1.1128911,0.9554769,20,2021,15,18
max_verstappen,1.992159,21.524197,1,2021,16,2
hamilton,1.7958289,17.687313,2,2021,16,5
bottas,1.2381384,10.126514,3,2021,16,1
perez,0.79973966,6.5322957,4,2021,16,3
leclerc,0.5601252,5.140467,5,2021,16,4
gasly,0.4783639,4.736899,6,2021,16,6
norris,0.3802997,4.2944283,7,2021,16,7
sainz,0.32503954,4.0635552,8,2021,16,8
stroll,0.1695901,3.4785266,9,2021,16,9
ocon,0.013506014,2.9758353,10,2021,16,10
ricciardo,-0.107183315,2.6375103,11,2021,16,13
raikkonen,-0.16887999,2.479703,12,2021,16,12
giovinazzi,-0.185479,2.4388819,13,2021,16,11
tsunoda,-0.2495928,2.2874231,14,2021,16,14
alonso,-0.34566787,2.0778854,15,2021,16,16
russell,-0.41597873,1.9368055,16,2021,16,15
latifi,-0.46064717,1.8521951,17,2021,16,17
vettel,-0.65987885,1.5176146,18,2021,16,18
mick_schumacher,-0.8159083,1.2983711,19,2021,16,19
mazepin,-1.167405,0.9135783,20,2021,16,20
max_verstappen,2.243188,28.129738,1,2021,17,1
hamilton,1.9268526,20.501377,2,2021,17,2
perez,0.8419719,6.928278,3,2021,17,3
leclerc,0.504505,4.94385,4,2021,17,4
ricciardo,0.24905533,3.8293488,5,2021,17,5
bottas,0.17258324,3.5474274,6,2021,17,6
sainz,0.13311686,3.41015,7,2021,17,7
norris,0.08905822,3.263165,8,2021,17,8
vettel,-0.024571419,2.9126635,9,2021,17,10
tsunoda,-0.0435505,2.8579051,10,2021,17,9
giovinazzi,-0.10991304,2.674403,11,2021,17,11
stroll,-0.21836829,2.399526,12,2021,17,12
raikkonen,-0.29787362,2.2161376,13,2021,17,13
alonso,-0.35815153,2.0865,14,2021,17,18
russell,-0.36208957,2.0782988,15,2021,17,14
latifi,-0.39482397,2.0113685,16,2021,17,15
ocon,-0.4242261,1.9530911,17,2021,17,19
gasly,-0.43988648,1.9227431,18,2021,17,20
mick_schumacher,-0.761712,1.3936517,19,2021,17,16
mazepin,-1.1551188,0.94037217,20,2021,17,17
max_verstappen,1.9297012,23.121374,1,2021,18,1
hamilton,1.3425984,12.853995,2,2021,18,2
perez,0.83734363,7.755481,3,2021,18,3
gasly,0.66272044,6.512847,4,2021,18,4
leclerc,0.597688,6.1027794,5,2021,18,5
sainz,0.45194146,5.2751007,6,2021,18,6
vettel,0.32048413,4.6252956,7,2021,18,7
raikkonen,0.15449846,3.9178956,8,2021,18,8
norris,0.100111224,3.710503,9,2021,18,10
ricciardo,-0.0056324955,3.3381734,10,2021,18,12
alonso,-0.10034608,3.0365143,11,2021,18,9
ocon,-0.14298092,2.9097736,12,2021,18,13
giovinazzi,-0.25727305,2.5955102,13,2021,18,11
stroll,-0.28009632,2.536943,14,2021,18,14
bottas,-0.34594244,2.3752763,15,2021,18,15
russell,-0.37101823,2.316455,16,2021,18,16
latifi,-0.45051223,2.1394396,17,2021,18,17
tsunoda,-0.49734643,2.0415509,18,2021,18,20
mick_schumacher,-0.7071128,1.6552356,19,2021,18,19
mazepin,-1.0456654,1.1798542,20,2021,18,18
hamilton,2.063735,23.007275,1,2021,19,1
max_verstappen,2.037346,22.408073,2,2021,19,2
bottas,0.7961978,6.477102,3,2021,19,3
perez,0.54903823,5.05872,4,2021,19,4
leclerc,0.45807126,4.6188545,5,2021,19,5
sainz,0.33849958,4.098311,6,2021,19,6
gasly,0.27354285,3.8405604,7,2021,19,7
ocon,0.207241,3.5941825,8,2021,19,8
alonso,0.1264173,3.3151164,9,2021,19,9
norris,0.0906478,3.1986322,10,2021,19,10
vettel,-0.032331232,2.8284936,11,2021,19,11
raikkonen,-0.07593085,2.7078218,12,2021,19,12
ricciardo,-0.20280106,2.38518,13,2021,19,19
russell,-0.2445246,2.2877092,14,2021,19,13
giovinazzi,-0.3024569,2.1589427,15,2021,19,14
tsunoda,-0.39322484,1.9716104,16,2021,19,15
stroll,-0.4876726,1.7939196,17,2021,19,20
latifi,-0.5112556,1.752108,18,2021,19,16
mick_schumacher,-0.74459577,1.3874669,19,2021,19,18
mazepin,-0.9677896,1.1099175,20,2021,19,17
hamilton,2.0101898,23.786959,1,2021,20,1
max_verstappen,1.721211,17.817099,2,2021,20,2
alonso,0.5477742,5.5108666,3,2021,20,3
ocon,0.41560966,4.8286037,4,2021,20,5
perez,0.37644824,4.6431637,5,2021,20,4
stroll,0.34445918,4.4969835,6,2021,20,6
sainz,0.3253526,4.411877,7,2021,20,7
norris,0.28588462,4.241141,8,2021,20,9
leclerc,0.18253583,3.8247137,9,2021,20,8
gasly,0.14966291,3.7010283,10,2021,20,11
vettel,-0.010256655,3.1540613,11,2021,20,10
ricciardo,-0.113350786,2.8450959,12,2021,20,12
tsunoda,-0.14397153,2.7592978,13,2021,20,13
bottas,-0.20892006,2.5857813,14,2021,20,20
raikkonen,-0.24928163,2.483493,15,2021,20,14
giovinazzi,-0.28842086,2.3881686,16,2021,20,15
russell,-0.40784562,2.1193337,17,2021,20,17
latifi,-0.51829463,1.8977199,18,2021,20,19
mick_schumacher,-0.78553057,1.4526901,19,2021,20,16
mazepin,-1.1083356,1.0519145,20,2021,20,18
hamilton,1.529754,17.162601,1,2021,21,1
max_verstappen,1.2399708,12.8449335,2,2021,21,2
bottas,0.8185485,8.427728,3,2021,21,3
leclerc,0.58985317,6.704854,4,2021,21,7
ocon,0.38901183,5.484854,5,2021,21,4
gasly,0.37666467,5.4175487,6,2021,21,6
ricciardo,0.23294741,4.692315,7,2021,21,5
sainz,0.16973239,4.4048715,8,2021,21,8
giovinazzi,0.07161329,3.9931965,9,2021,21,9
norris,0.03134502,3.8355918,10,2021,21,10
stroll,-0.079251066,3.4340065,11,2021,21,11
alonso,-0.093240984,3.386299,12,2021,21,13
tsunoda,-0.13956639,3.2330055,13,2021,21,14
raikkonen,-0.20385246,3.031708,14,2021,21,15
vettel,-0.24342462,2.9140794,15,2021,21,16
latifi,-0.30456463,2.7412505,16,2021,21,12
perez,-0.31952992,2.700532,17,2021,21,17
russell,-0.34060395,2.6442163,18,2021,21,19
mick_schumacher,-0.80126727,1.6681436,19,2021,21,20
mazepin,-1.0674775,1.2782619,20,2021,21,18
max_verstappen,2.0439448,25.560421,1,2021,22,1
hamilton,1.4592854,14.24471,2,2021,22,2
sainz,1.0244615,9.221722,3,2021,22,3
tsunoda,0.4507582,5.195841,4,2021,22,4
gasly,0.2934892,4.4397116,5,2021,22,5
bottas,0.27940872,4.377636,6,2021,22,6
norris,0.20208931,4.051915,7,2021,22,7
alonso,0.105067275,3.6772583,8,2021,22,8
ocon,0.068391085,3.544834,9,2021,22,9
leclerc,-0.010775378,3.2750235,10,2021,22,10
vettel,-0.09183509,3.020025,11,2021,22,11
ricciardo,-0.12008856,2.9358928,12,2021,22,12
stroll,-0.20341629,2.7011669,13,2021,22,13
perez,-0.25252327,2.5717256,14,2021,22,15
latifi,-0.37977484,2.2644353,15,2021,22,16
giovinazzi,-0.40270317,2.213106,16,2021,22,17
russell,-0.46913734,2.0708575,17,2021,22,18
raikkonen,-0.5434087,1.9226255,18,2021,22,19
mick_schumacher,-0.7442792,1.5727428,19,2021,22,14
mazepin,-1.0675246,1.1383455,20,2021,22,20
leclerc,4.196986,43.43235,1,2022,1,1
sainz,3.3702977,19.001467,2,2022,1,2
hamilton,2.8185105,10.943318,3,2022,1,3
russell,2.4077384,7.2569294,4,2022,1,4
kevin_magnussen,2.0099442,4.8752074,5,2022,1,5
bottas,1.7767997,3.8613546,6,2022,1,6
ocon,1.38562,2.611275,7,2022,1,7
tsunoda,1.0902244,1.943407,8,2022,1,8
alonso,0.7808605,1.4262931,9,2022,1,9
zhou,0.48447475,1.0604496,10,2022,1,10
mick_schumacher,0.12533893,0.7404904,11,2022,1,11
stroll,-0.10627228,0.58739734,12,2022,1,12
albon,-0.30026412,0.48381826,13,2022,1,13
ricciardo,-0.45270395,0.41541153,14,2022,1,14
norris,-0.60971487,0.35505003,15,2022,1,15
latifi,-0.7794433,0.29962462,16,2022,1,16
hulkenberg,-0.9077837,0.26353604,17,2022,1,17
perez,-1.1292574,0.21118116,18,2022,1,18
max_verstappen,-1.5962172,0.13239059,19,2022,1,19
gasly,-1.8864126,0.09904369,20,2022,1,20
max_verstappen,3.5192344,37.32186,1,2022,2,1
leclerc,2.9150834,20.397825,2,2022,2,2
sainz,2.343405,11.516144,3,2022,2,3
perez,1.8119425,6.7685513,4,2022,2,4
russell,1.6459918,5.733559,5,2022,2,5
ocon,1.2505531,3.8608904,6,2022,2,6
norris,0.86242485,2.6189399,7,2022,2,7
gasly,0.5851638,1.984781,8,2022,2,8
kevin_magnussen,0.31074956,1.5084677,9,2022,2,9
hamilton,0.173888,1.315521,10,2022,2,10
zhou,-0.08669097,1.0137475,11,2022,2,11
hulkenberg,-0.20329306,0.9021736,12,2022,2,12
stroll,-0.25577188,0.8560495,13,2022,2,13
albon,-0.3664393,0.7663666,14,2022,2,14
bottas,-0.44135138,0.71105415,15,2022,2,15
alonso,-0.5059625,0.6665648,16,2022,2,16
ricciardo,-0.6338113,0.5865681,17,2022,2,17
latifi,-0.7370671,0.5290236,18,2022,2,18
tsunoda,-0.7924206,0.50053596,19,2022,2,19
mick_schumacher,-0.91819286,0.44138032,20,2022,2,20
leclerc,2.767405,31.215837,1,2022,3,1
perez,2.1320412,16.536364,2,2022,3,2
russell,1.6715049,10.433539,3,2022,3,3
hamilton,1.4122511,8.050802,4,2022,3,4
norris,1.0968907,5.8732686,5,2022,3,5
ricciardo,0.8533124,4.6035743,6,2022,3,6
ocon,0.7492282,4.148508,7,2022,3,7
bottas,0.42282125,2.9931967,8,2022,3,8
gasly,0.18169217,2.3518746,9,2022,3,9
albon,0.036372554,2.0337741,10,2022,3,10
zhou,-0.11154295,1.7541382,11,2022,3,11
stroll,-0.16876252,1.6565846,12,2022,3,12
mick_schumacher,-0.29920986,1.4539888,13,2022,3,13
kevin_magnussen,-0.34948012,1.3827032,14,2022,3,14
tsunoda,-0.40316483,1.3104306,15,2022,3,15
latifi,-0.58155537,1.0963267,16,2022,3,16
alonso,-0.63609135,1.0381386,17,2022,3,17
max_verstappen,-0.7700761,0.9079595,18,2022,3,18
sainz,-1.0218631,0.70585716,19,2022,3,20
vettel,-1.4650881,0.45313382,20,2022,3,19
max_verstappen,2.760082,29.877407,1,2022,4,1
perez,2.1242917,15.82059,2,2022,4,2
leclerc,1.8195645,11.664908,3,2022,4,6
norris,1.4734248,8.251915,4,2022,4,3
russell,1.2783091,6.789177,5,2022,4,4
bottas,0.82705194,4.323531,6,2022,4,5
vettel,0.54033786,3.2457888,7,2022,4,8
kevin_magnussen,0.297908,2.5470319,8,2022,4,9
tsunoda,0.22508204,2.368135,9,2022,4,7
stroll,0.077871844,2.0439668,10,2022,4,10
albon,-0.037353214,1.8215127,11,2022,4,11
gasly,-0.18098703,1.5778031,12,2022,4,12
hamilton,-0.1963087,1.553813,13,2022,4,13
ocon,-0.26007512,1.4578247,14,2022,4,14
zhou,-0.32538372,1.3656589,15,2022,4,15
latifi,-0.46353406,1.1894445,16,2022,4,16
mick_schumacher,-0.52202123,1.1218725,17,2022,4,17
ricciardo,-0.55308145,1.0875627,18,2022,4,18
alonso,-0.633238,1.0037897,19,2022,4,19
sainz,-0.75549555,0.8882741,20,2022,4,20
max_verstappen,2.749308,32.100998,1,2022,5,1
leclerc,2.0588539,16.093779,2,2022,5,2
sainz,1.4996411,9.200152,3,2022,5,3
perez,1.3972638,8.304874,4,2022,5,4
russell,0.95827806,5.3540697,5,2022,5,5
hamilton,0.67081547,4.016434,6,2022,5,6
bottas,0.47679964,3.3081155,7,2022,5,7
ocon,0.20837311,2.5293238,8,2022,5,8
albon,0.11326947,2.299861,9,2022,5,9
stroll,0.050971676,2.160956,10,2022,5,10
alonso,-0.058934536,1.9360397,11,2022,5,11
ricciardo,-0.11937235,1.8224952,12,2022,5,13
vettel,-0.21991907,1.6481608,13,2022,5,17
tsunoda,-0.26846406,1.5700616,14,2022,5,12
latifi,-0.3691213,1.4197171,15,2022,5,14
mick_schumacher,-0.3922746,1.3872236,16,2022,5,15
norris,-0.44268465,1.319027,17,2022,5,19
gasly,-0.47272953,1.2799865,18,2022,5,18
kevin_magnussen,-0.48265785,1.2673411,19,2022,5,16
zhou,-0.7383785,0.98137605,20,2022,5,20
max_verstappen,3.5245342,56.23743,1,2022,6,1
perez,1.3488522,6.3846745,2,2022,6,2
russell,1.2371471,5.7098656,3,2022,6,3
sainz,1.1293824,5.1265383,4,2022,6,4
hamilton,0.93203014,4.2083836,5,2022,6,5
bottas,0.6256119,3.0977006,6,2022,6,6
ocon,0.3741229,2.4089024,7,2022,6,7
norris,0.34110078,2.3306544,8,2022,6,8
alonso,0.14348315,1.91273,9,2022,6,9
tsunoda,0.0054784548,1.6661687,10,2022,6,10
vettel,-0.09332877,1.5094112,11,2022,6,11
ricciardo,-0.113382354,1.4794436,12,2022,6,12
gasly,-0.2404528,1.302904,13,2022,6,13
mick_schumacher,-0.3220064,1.2008648,14,2022,6,14
stroll,-0.35705182,1.1595087,15,2022,6,15
latifi,-0.48765075,1.0175496,16,2022,6,16
kevin_magnussen,-0.51268494,0.9923925,17,2022,6,17
zhou,-0.7446303,0.7869568,18,2022,6,19
albon,-0.7978236,0.74619,19,2022,6,18
leclerc,-0.83115107,0.72173107,20,2022,6,20
perez,2.4438727,27.022556,1,2022,7,1
max_verstappen,1.754106,13.557031,2,2022,7,3
sainz,1.5876023,11.477649,3,2022,7,2
leclerc,1.2614754,8.283576,4,2022,7,4
russell,1.0593338,6.7675085,5,2022,7,5
norris,0.6064404,4.3026867,6,2022,7,6
alonso,0.45500365,3.6980395,7,2022,7,7
hamilton,0.34661108,3.3181593,8,2022,7,8
bottas,0.2419123,2.9883206,9,2022,7,9
vettel,0.020585481,2.3950036,10,2022,7,10
gasly,-0.014595224,2.3122106,11,2022,7,11
ocon,-0.076552674,2.1732998,12,2022,7,12
ricciardo,-0.18253115,1.9547611,13,2022,7,13
stroll,-0.2952766,1.7463405,14,2022,7,14
latifi,-0.432736,1.522058,15,2022,7,15
tsunoda,-0.48524526,1.4441978,16,2022,7,17
zhou,-0.54152316,1.3651658,17,2022,7,16
albon,-0.5891558,1.3016639,18,2022,7,18
mick_schumacher,-0.6736432,1.1962074,19,2022,7,19
kevin_magnussen,-0.69275093,1.1735675,20,2022,7,20
max_verstappen,1.8410267,19.132023,1,2022,8,1
perez,1.5074615,13.705514,2,2022,8,2
russell,1.1367773,9.460395,3,2022,8,3
hamilton,1.035714,8.551022,4,2022,8,4
gasly,0.83465284,6.9935584,5,2022,8,5
vettel,0.68733823,6.0355988,6,2022,8,6
alonso,0.51997286,5.105456,7,2022,8,7
ricciardo,0.29944602,4.0950656,8,2022,8,8
norris,0.25652665,3.923026,9,2022,8,9
ocon,-0.037711985,2.923042,10,2022,8,10
sainz,-0.123317316,2.683225,11,2022,8,20
bottas,-0.12820397,2.6701455,12,2022,8,11
albon,-0.24888232,2.3666,13,2022,8,12
tsunoda,-0.2954472,2.2589262,14,2022,8,13
mick_schumacher,-0.41258186,2.009237,15,2022,8,14
latifi,-0.46475816,1.9070904,16,2022,8,15
stroll,-0.5312049,1.7844888,17,2022,8,16
kevin_magnussen,-0.61656266,1.6384885,18,2022,8,17
zhou,-0.6614763,1.566526,19,2022,8,18
leclerc,-0.9359041,1.1905706,20,2022,8,19
max_verstappen,2.2916176,27.59588,1,2022,9,1
sainz,1.3907572,11.209998,2,2022,9,2
hamilton,1.2460384,9.699626,3,2022,9,3
russell,0.93104374,7.0787168,4,2022,9,4
leclerc,0.79888284,6.2023716,5,2022,9,5
ocon,0.58664316,5.0162973,6,2022,9,6
bottas,0.44756058,4.3649616,7,2022,9,7
zhou,0.31889138,3.8379571,8,2022,9,8
alonso,0.1735701,3.3188522,9,2022,9,9
stroll,0.04104737,2.9069262,10,2022,9,10
ricciardo,-0.07996288,2.5756087,11,2022,9,11
vettel,-0.13353445,2.4412603,12,2022,9,12
albon,-0.16479681,2.3661215,13,2022,9,13
gasly,-0.2754327,2.1183045,14,2022,9,14
norris,-0.35809773,1.9502375,15,2022,9,15
latifi,-0.4995579,1.6929809,16,2022,9,16
kevin_magnussen,-0.5581858,1.5965786,17,2022,9,17
tsunoda,-0.6496445,1.457036,18,2022,9,18
mick_schumacher,-0.7095311,1.3723407,19,2022,9,19
perez,-0.84543794,1.1979488,20,2022,9,20
max_verstappen,1.8961605,17.184471,1,2022,10,7
sainz,1.5422376,12.062281,2,2022,10,1
perez,1.4430513,10.923288,3,2022,10,2
hamilton,1.3427705,9.881024,4,2022,10,3
leclerc,1.158793,8.220563,5,2022,10,4
alonso,0.73750573,5.394346,6,2022,10,5
norris,0.7173814,5.286874,7,2022,10,6
mick_schumacher,0.37991524,3.7725866,8,2022,10,8
vettel,0.20425615,3.1648376,9,2022,10,9
kevin_magnussen,0.09872991,2.8478823,10,2022,10,10
russell,0.058025748,2.7342887,11,2022,10,18
latifi,-0.06602372,2.4152963,12,2022,10,12
stroll,-0.09217695,2.3529475,13,2022,10,11
ricciardo,-0.12069168,2.2868013,14,2022,10,13
ocon,-0.18541577,2.1434782,15,2022,10,15
tsunoda,-0.20377311,2.1044886,16,2022,10,14
gasly,-0.25283548,2.0037298,17,2022,10,16
bottas,-0.3249035,1.8644052,18,2022,10,17
zhou,-0.40579703,1.7195257,19,2022,10,19
albon,-0.45505416,1.6368792,20,2022,10,20
max_verstappen,2.1139262,22.654665,1,2022,11,2
leclerc,1.5755374,13.223255,2,2022,11,1
hamilton,1.2446568,9.498144,3,2022,11,3
russell,1.0662824,7.946424,4,2022,11,4
ocon,0.89465916,6.693244,5,2022,11,5
mick_schumacher,0.5795595,4.8841686,6,2022,11,6
norris,0.45749626,4.3229403,7,2022,11,7
kevin_magnussen,0.38976824,4.0398507,8,2022,11,8
ricciardo,0.25689396,3.5371933,9,2022,11,9
alonso,0.097837694,3.0170434,10,2022,11,10
bottas,-0.0061643664,2.7190301,11,2022,11,11
albon,-0.09461524,2.488859,12,2022,11,12
stroll,-0.10611344,2.4604053,13,2022,11,13
zhou,-0.21773568,2.2005424,14,2022,11,14
gasly,-0.26867938,2.0912464,15,2022,11,15
tsunoda,-0.3133289,1.9999269,16,2022,11,16
vettel,-0.41245157,1.8111972,17,2022,11,17
sainz,-0.44172713,1.758942,18,2022,11,18
latifi,-0.6265286,1.4621546,19,2022,11,19
perez,-0.8318287,1.1907827,20,2022,11,20
max_verstappen,2.7974505,37.799217,1,2022,12,1
hamilton,1.5362644,10.70919,2,2022,12,2
russell,1.1905739,7.5792303,3,2022,12,3
perez,1.0170224,6.3716607,4,2022,12,4
sainz,0.7061496,4.6691985,5,2022,12,5
alonso,0.62125504,4.2891674,6,2022,12,6
norris,0.49787772,3.7913244,7,2022,12,7
ocon,0.38029614,3.3707452,8,2022,12,8
ricciardo,0.1462815,2.66744,9,2022,12,9
stroll,0.046014436,2.4129555,10,2022,12,10
vettel,-0.05768957,2.1752598,11,2022,12,11
gasly,-0.13887148,2.0056462,12,2022,12,12
leclerc,-0.19947651,1.887704,13,2022,12,19
albon,-0.24119312,1.8105752,14,2022,12,13
bottas,-0.28168085,1.7387334,15,2022,12,14
mick_schumacher,-0.38446572,1.5688959,16,2022,12,15
zhou,-0.44203147,1.4811316,17,2022,12,16
latifi,-0.56932336,1.3041017,18,2022,12,17
kevin_magnussen,-0.6065344,1.2564664,19,2022,12,18
tsunoda,-0.72925955,1.111353,20,2022,12,20
max_verstappen,1.9420214,19.047781,1,2022,13,1
russell,1.725872,15.345176,2,2022,13,3
leclerc,1.2318779,9.363387,3,2022,13,6
hamilton,1.1170168,8.347365,4,2022,13,2
sainz,0.92793983,6.9093046,5,2022,13,4
perez,0.81004727,6.1409316,6,2022,13,5
norris,0.57491505,4.8542,7,2022,13,7
alonso,0.4361172,4.2251143,8,2022,13,8
ocon,0.29941264,3.6852624,9,2022,13,9
vettel,0.0069863563,2.7508655,10,2022,13,10
stroll,-0.087808974,2.5020745,11,2022,13,11
gasly,-0.17765377,2.2870789,12,2022,13,12
zhou,-0.21738334,2.1979954,13,2022,13,13
mick_schumacher,-0.24888511,2.1298337,14,2022,13,14
ricciardo,-0.29360658,2.0366836,15,2022,13,15
kevin_magnussen,-0.37550783,1.8765243,16,2022,13,16
albon,-0.41157395,1.8100513,17,2022,13,17
tsunoda,-0.4895569,1.6742619,18,2022,13,19
bottas,-0.6277644,1.4581445,19,2022,13,20
latifi,-0.6989357,1.3579735,20,2022,13,18
max_verstappen,2.5468247,31.389008,1,2022,14,1
perez,1.6002614,12.181209,2,2022,14,2
sainz,1.3066316,9.08173,3,2022,14,3
russell,0.9939908,6.6433997,4,2022,14,4
leclerc,0.8122862,5.5395823,5,2022,14,6
alonso,0.6589173,4.751928,6,2022,14,5
ocon,0.46164888,3.9011915,7,2022,14,7
vettel,0.2803857,3.2544355,8,2022,14,8
gasly,0.15217665,2.8628275,9,2022,14,9
albon,0.079883724,2.6631694,10,2022,14,10
norris,0.05555403,2.5991566,11,2022,14,12
stroll,-0.060447488,2.3144813,12,2022,14,11
tsunoda,-0.20496751,2.0030391,13,2022,14,13
zhou,-0.22831456,1.9568155,14,2022,14,14
ricciardo,-0.3048676,1.812606,15,2022,14,15
kevin_magnussen,-0.38415265,1.6744428,16,2022,14,16
mick_schumacher,-0.4406768,1.5824212,17,2022,14,17
latifi,-0.56690085,1.3947734,18,2022,14,18
bottas,-0.66300696,1.2669672,19,2022,14,19
hamilton,-0.78023046,1.1268234,20,2022,14,20
max_verstappen,2.606464,33.127937,1,2022,15,1
russell,1.5688704,11.737436,2,2022,15,2
leclerc,1.1278417,7.551564,3,2022,15,3
hamilton,0.9624019,6.4001083,4,2022,15,4
perez,0.8505695,5.722939,5,2022,15,5
alonso,0.67845666,4.8180523,6,2022,15,6
sainz,0.45874032,3.8676744,7,2022,15,8
norris,0.35886848,3.5000656,8,2022,15,7
ocon,0.18553904,2.9430664,9,2022,15,9
stroll,0.12636282,2.7739599,10,2022,15,10
gasly,0.02063669,2.4956515,11,2022,15,11
albon,-0.15026335,2.103599,12,2022,15,12
mick_schumacher,-0.184059,2.0336945,13,2022,15,13
vettel,-0.21787086,1.9660808,14,2022,15,14
kevin_magnussen,-0.30835947,1.795985,15,2022,15,15
zhou,-0.35494766,1.7142323,16,2022,15,16
ricciardo,-0.42977732,1.5906388,17,2022,15,17
latifi,-0.5957388,1.3473964,18,2022,15,18
bottas,-0.61467093,1.3221273,19,2022,15,19
tsunoda,-0.7218291,1.1877775,20,2022,15,20
max_verstappen,1.6695615,16.659636,1,2022,16,1
leclerc,1.3392342,11.973086,2,2022,16,2
russell,1.2506526,10.958109,3,2022,16,3
sainz,0.9500516,8.11309,4,2022,16,4
hamilton,0.86113423,7.422838,5,2022,16,5
perez,0.7883633,6.9018564,6,2022,16,6
norris,0.46170098,4.978498,7,2022,16,7
gasly,0.23932295,3.985848,8,2022,16,8
de_vries,0.14629649,3.631783,9,2022,16,9
ocon,0.028522644,3.2282808,10,2022,16,11
zhou,-0.09501021,2.8531313,11,2022,16,10
mick_schumacher,-0.16012302,2.6732748,12,2022,16,12
bottas,-0.21812674,2.522626,13,2022,16,13
tsunoda,-0.29236355,2.3421369,14,2022,16,14
latifi,-0.36526492,2.177467,15,2022,16,15
kevin_magnussen,-0.39251631,2.1189294,16,2022,16,16
ricciardo,-0.43803173,2.024647,17,2022,16,17
stroll,-0.4861556,1.9295206,18,2022,16,18
alonso,-0.5652787,1.7827349,19,2022,16,19
vettel,-0.5996444,1.7225101,20,2022,16,20
perez,1.6328734,16.562643,1,2022,17,1
leclerc,1.4616051,13.955606,2,2022,17,2
sainz,0.93462,8.239143,3,2022,17,3
max_verstappen,0.80839765,7.2621355,4,2022,17,7
norris,0.7328011,6.733381,5,2022,17,4
ricciardo,0.5745077,5.7476096,6,2022,17,5
stroll,0.5041183,5.3569493,7,2022,17,6
hamilton,0.47097698,5.182322,8,2022,17,9
vettel,0.21588908,4.0155144,9,2022,17,8
gasly,0.042273883,3.3755229,10,2022,17,10
bottas,-0.033646602,3.128738,11,2022,17,11
kevin_magnussen,-0.16382442,2.746842,12,2022,17,12
mick_schumacher,-0.22500424,2.583828,13,2022,17,13
russell,-0.23981528,2.5458407,14,2022,17,14
tsunoda,-0.3225612,2.343663,15,2022,17,15
ocon,-0.34982514,2.280629,16,2022,17,16
alonso,-0.3755841,2.2226326,17,2022,17,18
albon,-0.45644823,2.049976,18,2022,17,17
latifi,-0.51874334,1.9261686,19,2022,17,19
zhou,-0.61989576,1.740862,20,2022,17,20
max_verstappen,2.3921645,29.815022,1,2022,18,1
perez,1.4285839,11.375156,2,2022,18,2
leclerc,1.1877198,8.940287,3,2022,18,3
hamilton,0.9274905,6.8918424,4,2022,18,5
ocon,0.7271289,5.640523,5,2022,18,4
vettel,0.50037795,4.4961696,6,2022,18,6
russell,0.42635116,4.175354,7,2022,18,8
alonso,0.26363817,3.548362,8,2022,18,7
latifi,0.14038882,3.136905,9,2022,18,9
norris,0.072393395,2.9306998,10,2022,18,10
ricciardo,-0.031003168,2.642815,11,2022,18,11
stroll,-0.1825226,2.2712386,12,2022,18,12
tsunoda,-0.21681352,2.194676,13,2022,18,13
kevin_magnussen,-0.29657388,2.0264266,14,2022,18,14
bottas,-0.3541167,1.9131118,15,2022,18,15
zhou,-0.40822524,1.8123468,16,2022,18,16
mick_schumacher,-0.46779686,1.7075356,17,2022,18,17
gasly,-0.5082605,1.6398214,18,2022,18,18
sainz,-0.58726954,1.5152469,19,2022,18,19
albon,-0.7203343,1.3264598,20,2022,18,20
max_verstappen,2.2153754,27.725056,1,2022,19,1
hamilton,1.1142713,9.218686,2,2022,19,2
leclerc,1.0906967,9.003901,3,2022,19,3
perez,1.0097713,8.303961,4,2022,19,4
russell,0.8529435,7.0986495,5,2022,19,5
norris,0.259307,3.9206917,6,2022,19,6
alonso,0.18280521,3.6319382,7,2022,19,7
vettel,0.12030401,3.4118862,8,2022,19,8
kevin_magnussen,0.021514168,3.0909402,9,2022,19,9
stroll,-0.07104846,2.8176768,10,2022,19,18
ocon,-0.12595993,2.6671252,11,2022,19,11
tsunoda,-0.15163313,2.5995233,12,2022,19,10
albon,-0.23572603,2.3898606,13,2022,19,13
zhou,-0.25306013,2.3487918,14,2022,19,12
gasly,-0.3165749,2.204248,15,2022,19,14
mick_schumacher,-0.35643223,2.1181202,16,2022,19,15
ricciardo,-0.36117312,2.1081018,17,2022,19,16
latifi,-0.4414947,1.9453979,18,2022,19,17
bottas,-0.53875965,1.7650896,19,2022,19,19
sainz,-0.61816186,1.6303575,20,2022,19,20
max_verstappen,2.5323563,32.24985,1,2022,20,1
hamilton,1.413757,10.537226,2,2022,20,2
perez,1.1793624,8.335467,3,2022,20,3
russell,1.0835369,7.573794,4,2022,20,4
sainz,0.9309906,6.502247,5,2022,20,5
leclerc,0.50259477,4.2365613,6,2022,20,6
ocon,0.23741445,3.2497292,7,2022,20,8
ricciardo,0.21820939,3.1879134,8,2022,20,7
norris,0.06674984,2.7398605,9,2022,20,9
bottas,0.016673593,2.6060371,10,2022,20,10
gasly,-0.03380732,2.4777477,11,2022,20,11
albon,-0.12014847,2.2727914,12,2022,20,12
zhou,-0.13386133,2.2418375,13,2022,20,13
vettel,-0.18735076,2.1250737,14,2022,20,14
stroll,-0.27956694,1.9378715,15,2022,20,15
mick_schumacher,-0.33155394,1.8397014,16,2022,20,16
kevin_magnussen,-0.42704484,1.6721536,17,2022,20,17
latifi,-0.542426,1.4899328,18,2022,20,18
alonso,-0.58630335,1.4259723,19,2022,20,19
tsunoda,-0.68016267,1.2982205,20,2022,20,20
max_verstappen,2.340731,27.920532,1,2022,21,6
russell,1.4314462,11.246732,2,2022,21,1
hamilton,1.0875502,7.973963,3,2022,21,2
sainz,0.90487033,6.642589,4,2022,21,3
leclerc,0.69117373,5.364511,5,2022,21,4
alonso,0.63234067,5.058005,6,2022,21,5
perez,0.5694269,4.7495904,7,2022,21,7
ocon,0.36234355,3.8611884,8,2022,21,8
bottas,0.23797847,3.4096508,9,2022,21,9
norris,0.16470708,3.1687546,10,2022,21,18
stroll,0.045677695,2.8131618,11,2022,21,10
vettel,-0.07940391,2.4824045,12,2022,21,11
zhou,-0.10552705,2.4183955,13,2022,21,12
mick_schumacher,-0.18142176,2.2416444,14,2022,21,13
gasly,-0.21843791,2.1601844,15,2022,21,14
albon,-0.30357304,1.9838876,16,2022,21,15
latifi,-0.4107762,1.782212,17,2022,21,16
tsunoda,-0.46661368,1.6854249,18,2022,21,17
kevin_magnussen,-0.5449165,1.5584862,19,2022,21,19
ricciardo,-0.59747607,1.4786885,20,2022,21,20
max_verstappen,2.4327261,31.110378,1,2022,22,1
leclerc,1.3506428,10.542957,2,2022,22,2
perez,1.2803167,9.826984,3,2022,22,3
sainz,0.9319417,6.9362206,4,2022,22,4
russell,0.7288381,5.6612988,5,2022,22,5
norris,0.45935392,4.32395,6,2022,22,6
ocon,0.27806124,3.607,7,2022,22,7
stroll,0.20102109,3.3395517,8,2022,22,8
ricciardo,0.13545895,3.127626,9,2022,22,9
vettel,0.03898188,2.8399806,10,2022,22,10
tsunoda,-0.11189814,2.4422436,11,2022,22,11
zhou,-0.21081574,2.2122269,12,2022,22,12
albon,-0.2525288,2.121846,13,2022,22,13
gasly,-0.30301416,2.0173836,14,2022,22,14
bottas,-0.33998376,1.9441631,15,2022,22,15
mick_schumacher,-0.4415411,1.7564138,16,2022,22,16
kevin_magnussen,-0.529136,1.6091071,17,2022,22,17
hamilton,-0.54424834,1.5849724,18,2022,22,18
alonso,-0.57659143,1.5345294,19,2022,22,20
latifi,-0.62558025,1.4611664,20,2022,22,19
max_verstappen,4.4663053,44.44861,1,2023,1,1
perez,3.711533,20.896078,2,2023,1,2
alonso,3.0651064,10.94776,3,2023,1,3
sainz,2.5197656,6.3458047,4,2023,1,4
hamilton,2.2497108,4.843992,5,2023,1,5
stroll,1.8912444,3.3847253,6,2023,1,6
russell,1.5172718,2.3286765,7,2023,1,7
bottas,1.2111139,1.7145358,8,2023,1,8
gasly,0.8238159,1.1639788,9,2023,1,9
albon,0.5616145,0.89551425,10,2023,1,10
tsunoda,0.2887346,0.6816512,11,2023,1,11
sargeant,-0.040999174,0.4901859,12,2023,1,12
kevin_magnussen,-0.21534216,0.41176045,13,2023,1,13
de_vries,-0.36985338,0.35281017,14,2023,1,14
hulkenberg,-0.53976774,0.29767907,15,2023,1,15
zhou,-0.6755123,0.25989333,16,2023,1,16
norris,-0.94802094,0.19790016,17,2023,1,17
ocon,-1.2904264,0.14052106,18,2023,1,18
leclerc,-1.5558273,0.107765384,19,2023,1,19
piastri,-1.7340249,0.090175584,20,2023,1,20
perez,3.579532,45.999275,1,2023,2,1
max_verstappen,2.512253,15.821135,2,2023,2,2
alonso,2.1367528,10.868258,3,2023,2,3
russell,1.2291635,4.3852963,4,2023,2,4
hamilton,1.1445631,4.0295577,5,2023,2,5
sainz,0.85044616,3.0027838,6,2023,2,6
leclerc,0.69493043,2.5703034,7,2023,2,7
ocon,0.5620782,2.2505438,8,2023,2,8
gasly,0.2803473,1.697983,9,2023,2,9
kevin_magnussen,0.15990606,1.5053117,10,2023,2,10
tsunoda,-0.09230719,1.169746,11,2023,2,11
hulkenberg,-0.22995327,1.0193248,12,2023,2,12
zhou,-0.3103452,0.94058675,13,2023,2,13
de_vries,-0.40800545,0.85307163,14,2023,2,14
piastri,-0.50749433,0.7722859,15,2023,2,15
sargeant,-0.54850453,0.74125475,16,2023,2,16
norris,-0.6515982,0.66864336,17,2023,2,17
bottas,-0.740051,0.6120402,18,2023,2,18
albon,-0.8108176,0.57022524,19,2023,2,19
stroll,-0.89846575,0.5223736,20,2023,2,20
max_verstappen,3.305092,45.064957,1,2023,3,1
hamilton,1.9738404,11.903747,2,2023,3,2
alonso,1.5799005,8.027822,3,2023,3,3
stroll,1.1739973,5.3495364,4,2023,3,4
perez,1.0920539,4.9286575,5,2023,3,5
norris,0.9752602,4.3853655,6,2023,3,6
hulkenberg,0.6937613,3.309424,7,2023,3,7
piastri,0.48608613,2.6888108,8,2023,3,8
zhou,0.23020725,2.081773,9,2023,3,9
tsunoda,0.09501162,1.8185228,10,2023,3,10
bottas,-0.039529923,1.5896006,11,2023,3,11
sainz,-0.0946372,1.5043722,12,2023,3,12
gasly,-0.22346371,1.3225332,13,2023,3,13
ocon,-0.3315035,1.1870949,14,2023,3,14
de_vries,-0.5333642,0.9701047,15,2023,3,15
sargeant,-0.6002064,0.9073804,16,2023,3,16
kevin_magnussen,-0.6368739,0.87471145,17,2023,3,17
russell,-0.74851793,0.78230935,18,2023,3,18
albon,-0.8220379,0.72685724,19,2023,3,19
leclerc,-1.0539097,0.57643265,20,2023,3,20
perez,2.4903982,26.48181,1,2023,4,1
max_verstappen,2.2491903,20.806187,2,2023,4,2
leclerc,1.5609069,10.453814,3,2023,4,3
alonso,1.1613249,7.01033,4,2023,4,4
sainz,1.0149972,6.056047,5,2023,4,5
hamilton,0.84285116,5.09832,6,2023,4,6
russell,0.6252106,4.101163,7,2023,4,8
stroll,0.20010346,2.6809297,8,2023,4,7
norris,0.08024043,2.3780966,9,2023,4,9
tsunoda,-0.026971227,2.1363285,10,2023,4,10
piastri,-0.17697617,1.838746,11,2023,4,11
albon,-0.28209084,1.6552782,12,2023,4,12
kevin_magnussen,-0.41688558,1.4465398,13,2023,4,13
gasly,-0.4533074,1.3948022,14,2023,4,14
ocon,-0.51095694,1.3166664,15,2023,4,15
sargeant,-0.61939466,1.1813588,16,2023,4,16
hulkenberg,-0.6886092,1.1023571,17,2023,4,17
bottas,-0.7376068,1.0496463,18,2023,4,18
zhou,-0.7941477,0.9919448,19,2023,4,19
de_vries,-0.9849645,0.81962806,20,2023,4,20
max_verstappen,2.798562,32.9529,1,2023,5,1
perez,2.2848897,19.715536,2,2023,5,2
alonso,1.4112952,8.230218,3,2023,5,3
russell,1.1370755,6.256324,4,2023,5,4
sainz,0.9274239,5.0730457,5,2023,5,5
hamilton,0.7961162,4.448796,6,2023,5,6
leclerc,0.63524544,3.7877135,7,2023,5,7
gasly,0.41719088,3.045631,8,2023,5,8
ocon,0.12796591,2.2807016,9,2023,5,9
kevin_magnussen,-0.08462709,1.8439134,10,2023,5,10
tsunoda,-0.18813019,1.6626073,11,2023,5,11
stroll,-0.23379987,1.5883843,12,2023,5,12
bottas,-0.27774483,1.5200945,13,2023,5,13
albon,-0.3868156,1.3630185,14,2023,5,14
hulkenberg,-0.4509295,1.2783726,15,2023,5,15
zhou,-0.5253399,1.1867013,16,2023,5,16
norris,-0.56649244,1.1388566,17,2023,5,17
de_vries,-0.70334035,0.9932001,18,2023,5,18
piastri,-0.7465453,0.95120275,19,2023,5,19
sargeant,-1.0781032,0.68277776,20,2023,5,20
max_verstappen,2.9866369,39.967842,1,2023,6,1
alonso,1.8114562,12.340598,2,2023,6,2
ocon,1.3246387,7.584275,3,2023,6,3
hamilton,1.1832575,6.5843506,4,2023,6,4
russell,0.9721077,5.331038,5,2023,6,5
leclerc,0.83377904,4.6423345,6,2023,6,6
gasly,0.5145888,3.3737574,7,2023,6,7
sainz,0.49138397,3.2963715,8,2023,6,8
norris,0.10881665,2.2484808,9,2023,6,9
piastri,-0.012176075,1.992245,10,2023,6,10
bottas,-0.1792006,1.6857958,11,2023,6,11
de_vries,-0.21699731,1.6232673,12,2023,6,12
zhou,-0.29911494,1.4952947,13,2023,6,13
albon,-0.3623639,1.4036479,14,2023,6,14
tsunoda,-0.39764577,1.354988,15,2023,6,15
perez,-0.49563184,1.2285154,16,2023,6,16
hulkenberg,-0.63623434,1.0673767,17,2023,6,17
sargeant,-0.71942246,0.9821764,18,2023,6,18
kevin_magnussen,-0.7832614,0.9214347,19,2023,6,19
stroll,-0.8335919,0.87620634,20,2023,6,20
max_verstappen,3.1084006,44.652718,1,2023,7,1
hamilton,1.5238028,9.155158,2,2023,7,2
russell,1.3007408,7.3247237,3,2023,7,3
perez,1.08475,5.9018416,4,2023,7,4
sainz,0.89234775,4.8688726,5,2023,7,5
stroll,0.7265763,4.1251025,6,2023,7,6
alonso,0.6209422,3.7115765,7,2023,7,7
ocon,0.3167829,2.7381914,8,2023,7,8
zhou,0.118785545,2.2463353,9,2023,7,9
gasly,0.06724305,2.133487,10,2023,7,10
leclerc,-0.018750757,1.9576875,11,2023,7,11
tsunoda,-0.19753866,1.637181,12,2023,7,12
piastri,-0.25277627,1.5491993,13,2023,7,13
de_vries,-0.35891467,1.3931954,14,2023,7,14
hulkenberg,-0.41375566,1.3188484,15,2023,7,15
albon,-0.48516646,1.2279525,16,2023,7,16
norris,-0.5301271,1.1739658,17,2023,7,17
kevin_magnussen,-0.5820206,1.1145983,18,2023,7,18
bottas,-0.7361644,0.95537657,19,2023,7,19
sargeant,-0.89632237,0.81398946,20,2023,7,20
max_verstappen,2.4916196,29.101908,1,2023,8,1
alonso,1.7584305,13.979818,2,2023,8,2
hamilton,1.4360069,10.126858,3,2023,8,3
leclerc,0.97750306,6.402491,4,2023,8,4
sainz,0.869425,5.7466044,5,2023,8,5
perez,0.77703357,5.2394557,6,2023,8,6
albon,0.6370386,4.554987,7,2023,8,7
ocon,0.43387178,3.7175171,8,2023,8,8
stroll,0.17111653,2.8585105,9,2023,8,9
bottas,-0.06054959,2.267402,10,2023,8,10
piastri,-0.1589351,2.054945,11,2023,8,11
russell,-0.20445864,1.9634938,12,2023,8,19
gasly,-0.24960245,1.8768251,13,2023,8,12
norris,-0.27453938,1.8306017,14,2023,8,13
tsunoda,-0.3692241,1.6652247,15,2023,8,14
hulkenberg,-0.42478415,1.5752279,16,2023,8,15
zhou,-0.45729008,1.5248468,17,2023,8,16
kevin_magnussen,-0.6401883,1.2699734,18,2023,8,17
de_vries,-0.7368213,1.152995,19,2023,8,18
sargeant,-0.79272145,1.0903106,20,2023,8,20
max_verstappen,2.502135,29.424074,1,2023,9,1
leclerc,1.6289811,12.288444,2,2023,9,2
perez,1.2387518,8.3180685,3,2023,9,3
norris,1.0451808,6.8541822,4,2023,9,4
alonso,0.96719205,6.339946,5,2023,9,5
sainz,0.8716559,5.7622857,6,2023,9,6
russell,0.6368499,4.556378,7,2023,9,7
hamilton,0.5610389,4.223724,8,2023,9,8
stroll,0.37598142,3.5101526,9,2023,9,9
gasly,0.005645714,2.4237695,10,2023,9,10
albon,-0.040071946,2.3154552,11,2023,9,11
zhou,-0.2265573,1.9215286,12,2023,9,12
sargeant,-0.26244795,1.8537862,13,2023,9,13
ocon,-0.3321914,1.7289026,14,2023,9,14
bottas,-0.3632994,1.6759478,15,2023,9,15
piastri,-0.38031682,1.6476687,16,2023,9,16
de_vries,-0.5317877,1.4160774,17,2023,9,17
kevin_magnussen,-0.60072273,1.3217484,18,2023,9,18
tsunoda,-0.6547783,1.2521975,19,2023,9,19
hulkenberg,-0.72638994,1.1656611,20,2023,9,20
max_verstappen,2.163436,24.106342,1,2023,10,1
norris,1.3533535,10.723017,2,2023,10,2
hamilton,1.1641997,8.875004,3,2023,10,3
piastri,0.9338151,7.0487776,4,2023,10,4
russell,0.7892177,6.0998044,5,2023,10,5
perez,0.696211,5.558065,6,2023,10,6
alonso,0.59551954,5.025669,7,2023,10,7
albon,0.43305352,4.2720447,8,2023,10,8
leclerc,0.3592104,3.9679494,9,2023,10,9
sainz,0.28920624,3.6996763,10,2023,10,10
sargeant,0.04264408,2.891233,11,2023,10,11
bottas,-0.03993183,2.6620784,12,2023,10,12
stroll,-0.071258314,2.5799775,13,2023,10,14
hulkenberg,-0.19997555,2.2683747,14,2023,10,13
zhou,-0.29116592,2.070672,15,2023,10,15
tsunoda,-0.35130945,1.9498054,16,2023,10,16
de_vries,-0.4988732,1.6823064,17,2023,10,17
gasly,-0.5284588,1.6332636,18,2023,10,18
kevin_magnussen,-0.60493696,1.5130115,19,2023,10,19
ocon,-0.7020929,1.3729286,20,2023,10,20
max_verstappen,2.0991719,23.580132,1,2023,11,1
norris,1.3144292,10.758129,2,2023,11,2
perez,1.1339729,8.981846,3,2023,11,3
hamilton,1.0341848,8.128833,4,2023,11,4
piastri,0.77646554,6.2820616,5,2023,11,5
russell,0.75126505,6.1257277,6,2023,11,6
leclerc,0.63618696,5.4598403,7,2023,11,7
alonso,0.45248535,4.543592,8,2023,11,9
sainz,0.33591002,4.043629,9,2023,11,8
stroll,0.021185266,2.9518077,10,2023,11,10
bottas,-0.11867624,2.566534,11,2023,11,12
albon,-0.21763748,2.3247094,12,2023,11,11
ricciardo,-0.29572,2.150096,13,2023,11,13
hulkenberg,-0.31154618,2.1163366,14,2023,11,14
tsunoda,-0.40478757,1.9279264,15,2023,11,15
zhou,-0.4444743,1.8529117,16,2023,11,16
kevin_magnussen,-0.547532,1.6714649,17,2023,11,17
sargeant,-0.59336376,1.5965879,18,2023,11,18
ocon,-0.63999677,1.5238435,19,2023,11,19
gasly,-0.7148085,1.4140022,20,2023,11,20
max_verstappen,2.1630824,25.276962,1,2023,12,1
perez,1.4321982,12.170428,2,2023,12,2
leclerc,1.1136767,8.850621,3,2023,12,3
hamilton,0.869204,6.931076,4,2023,12,4
alonso,0.737946,6.0784945,5,2023,12,5
russell,0.5732833,5.155656,6,2023,12,6
norris,0.4995383,4.7891326,7,2023,12,7
ocon,0.251104,3.7356246,8,2023,12,8
stroll,0.13008969,3.309843,9,2023,12,9
tsunoda,0.025725348,2.9818273,10,2023,12,10
gasly,-0.019701984,2.8494017,11,2023,12,11
bottas,-0.109693095,2.60418,12,2023,12,12
zhou,-0.18817073,2.4076238,13,2023,12,13
albon,-0.2549133,2.252178,14,2023,12,14
kevin_magnussen,-0.38191035,1.9835747,15,2023,12,15
ricciardo,-0.41890603,1.9115322,16,2023,12,16
piastri,-0.4617479,1.8313679,17,2023,12,20
sargeant,-0.528985,1.7122803,18,2023,12,17
hulkenberg,-0.5667286,1.6488569,19,2023,12,18
sainz,-0.6485346,1.5193405,20,2023,12,19
max_verstappen,2.3780775,32.089252,1,2023,13,1
alonso,1.0200648,8.252438,2,2023,13,2
gasly,0.96229553,7.789208,3,2023,13,3
perez,0.8512338,6.970433,4,2023,13,4
sainz,0.6657985,5.790636,5,2023,13,5
hamilton,0.4610323,4.718429,6,2023,13,6
norris,0.40716168,4.47097,7,2023,13,7
albon,0.29890114,4.0122204,8,2023,13,8
piastri,0.08793866,3.249114,9,2023,13,9
ocon,-0.051138405,2.8272521,10,2023,13,10
stroll,-0.14703925,2.568712,11,2023,13,11
hulkenberg,-0.20442213,2.4254606,12,2023,13,12
lawson,-0.28190845,2.2446177,13,2023,13,13
bottas,-0.3613722,2.0731547,14,2023,13,14
tsunoda,-0.41595915,1.9630208,15,2023,13,15
russell,-0.431551,1.9326512,16,2023,13,17
zhou,-0.46893853,1.861728,17,2023,13,18
kevin_magnussen,-0.5341234,1.7442424,18,2023,13,16
leclerc,-0.58427286,1.658927,19,2023,13,19
sargeant,-0.78477794,1.3575287,20,2023,13,20
max_verstappen,1.5942867,16.615007,1,2023,14,1
perez,1.2257645,11.49353,2,2023,14,2
sainz,1.1226255,10.367182,3,2023,14,3
leclerc,0.9752059,8.946172,4,2023,14,4
russell,0.53954184,5.7866964,5,2023,14,5
hamilton,0.48409286,5.474563,6,2023,14,6
albon,0.35324216,4.8031015,7,2023,14,7
norris,0.28764182,4.4981284,8,2023,14,8
alonso,0.18116172,4.0437865,9,2023,14,9
bottas,0.03054903,3.4783874,10,2023,14,10
piastri,-0.007373793,3.3489466,11,2023,14,12
lawson,-0.08703338,3.0925202,12,2023,14,11
sargeant,-0.17682934,2.8269274,13,2023,14,13
zhou,-0.22302705,2.6993005,14,2023,14,14
gasly,-0.27813652,2.5545685,15,2023,14,15
hulkenberg,-0.35953224,2.3548744,16,2023,14,17
ocon,-0.44202274,2.1684158,17,2023,14,19
stroll,-0.5688537,1.91012,18,2023,14,16
tsunoda,-0.5859676,1.8777087,19,2023,14,20
kevin_magnussen,-0.70916075,1.6600685,20,2023,14,18
sainz,1.4272033,15.256097,1,2023,15,1
norris,1.0846703,10.831365,2,2023,15,2
hamilton,0.93781346,9.351993,3,2023,15,3
max_verstappen,0.666945,7.132921,4,2023,15,5
leclerc,0.64777106,6.997458,5,2023,15,4
gasly,0.46715766,5.8411837,6,2023,15,6
piastri,0.3664593,5.2816324,7,2023,15,7
perez,0.29922822,4.9382157,8,2023,15,8
lawson,0.18793473,4.4181037,9,2023,15,9
alonso,0.04339799,3.8235295,10,2023,15,15
kevin_magnussen,-0.0087320125,3.6293154,11,2023,15,10
albon,-0.19187465,3.021947,12,2023,15,11
zhou,-0.19840978,3.002262,13,2023,15,12
hulkenberg,-0.2676843,2.801322,14,2023,15,13
russell,-0.30188206,2.7071428,15,2023,15,16
sargeant,-0.42043662,2.4044936,16,2023,15,14
bottas,-0.46830827,2.292098,17,2023,15,17
ocon,-0.5283609,2.158503,18,2023,15,18
tsunoda,-0.53130734,2.1521528,19,2023,15,19
stroll,-0.625717,1.9582648,20,2023,15,20
max_verstappen,2.4953547,35.021843,1,2023,16,1
piastri,1.1775059,9.375717,2,2023,16,3
norris,1.0451272,8.213215,3,2023,16,2
leclerc,0.82988423,6.62269,4,2023,16,4
hamilton,0.6608959,5.592985,5,2023,16,5
sainz,0.4165062,4.3803277,6,2023,16,6
russell,0.35623723,4.124128,7,2023,16,7
alonso,0.16468208,3.4051857,8,2023,16,8
ocon,0.041551325,3.0106883,9,2023,16,9
gasly,-0.07881278,2.6692686,10,2023,16,10
lawson,-0.19648308,2.3729508,11,2023,16,11
tsunoda,-0.3028225,2.133566,12,2023,16,12
zhou,-0.34490642,2.0456407,13,2023,16,13
hulkenberg,-0.37783548,1.9793762,14,2023,16,14
kevin_magnussen,-0.43788496,1.864014,15,2023,16,15
albon,-0.5233018,1.7114064,16,2023,16,16
sargeant,-0.60906184,1.5707538,17,2023,16,17
stroll,-0.678274,1.4657154,18,2023,16,18
perez,-0.81600726,1.2771235,19,2023,16,19
bottas,-0.9092604,1.163412,20,2023,16,20
max_verstappen,2.4229176,34.464012,1,2023,17,1
piastri,0.89530396,7.480518,2,2023,17,2
norris,0.71004045,6.2154517,3,2023,17,3
russell,0.62757325,5.723447,4,2023,17,4
leclerc,0.512025,5.098891,5,2023,17,5
alonso,0.3682581,4.416096,6,2023,17,6
ocon,0.26828885,3.9959717,7,2023,17,7
bottas,0.21049066,3.7715602,8,2023,17,8
zhou,0.085638724,3.3288825,9,2023,17,9
perez,0.044115275,3.193487,10,2023,17,10
stroll,-0.0020051242,3.0495462,11,2023,17,11
gasly,-0.047804106,2.9130304,12,2023,17,12
albon,-0.1355784,2.6682415,13,2023,17,13
tsunoda,-0.28097373,2.3071764,14,2023,17,15
hulkenberg,-0.31363502,2.233038,15,2023,17,16
kevin_magnussen,-0.36840993,2.1140132,16,2023,17,14
sargeant,-0.50543255,1.8433146,17,2023,17,18
lawson,-0.5222521,1.8125703,18,2023,17,17
hamilton,-0.57211834,1.7244011,19,2023,17,19
sainz,-0.6184348,1.6463544,20,2023,17,20
max_verstappen,2.0330822,26.59029,1,2023,18,1
norris,1.0083284,9.542851,2,2023,18,2
sainz,0.5566734,6.074729,3,2023,18,3
russell,0.487988,5.6714907,4,2023,18,5
perez,0.48778343,5.6703305,5,2023,18,4
gasly,0.40133166,5.200712,6,2023,18,6
stroll,0.2878281,4.6426816,7,2023,18,7
tsunoda,0.2113,4.30064,8,2023,18,8
albon,0.08168249,3.7778168,9,2023,18,9
sargeant,0.01138636,3.5213704,10,2023,18,10
hulkenberg,-0.08427173,3.200133,11,2023,18,11
bottas,-0.16401346,2.9548578,12,2023,18,12
zhou,-0.24603574,2.7221668,13,2023,18,13
kevin_magnussen,-0.32343894,2.5194108,14,2023,18,14
ricciardo,-0.33797562,2.4830513,15,2023,18,15
alonso,-0.3622378,2.4235322,16,2023,18,16
piastri,-0.41081476,2.3086183,17,2023,18,17
ocon,-0.43007886,2.2645707,18,2023,18,18
hamilton,-0.5102089,2.0901902,19,2023,18,19
leclerc,-0.53424287,2.0405536,20,2023,18,20
max_verstappen,2.1452544,25.273216,1,2023,19,1
hamilton,1.309127,10.953047,2,2023,19,2
sainz,1.080611,8.715488,3,2023,19,4
leclerc,0.8464579,6.8960485,4,2023,19,3
norris,0.63315576,5.5714006,5,2023,19,5
russell,0.5177753,4.964269,6,2023,19,6
ricciardo,0.4532759,4.654184,7,2023,19,7
piastri,0.2826927,3.9242818,8,2023,19,8
albon,0.15621327,3.4580474,9,2023,19,9
ocon,0.13817328,3.3962235,10,2023,19,10
gasly,0.08886688,3.2328296,11,2023,19,11
tsunoda,-0.08868889,2.7068942,12,2023,19,12
hulkenberg,-0.1457335,2.556802,13,2023,19,13
zhou,-0.21899757,2.3761778,14,2023,19,14
bottas,-0.28780466,2.218178,15,2023,19,15
perez,-0.3075947,2.1747112,16,2023,19,20
sargeant,-0.3731244,2.036772,17,2023,19,16
stroll,-0.48002902,1.8302665,18,2023,19,17
alonso,-0.61166286,1.6045253,19,2023,19,18
kevin_magnussen,-0.70836765,1.4566267,20,2023,19,19
max_verstappen,2.5424638,36.512623,1,2023,20,1
norris,0.88606197,6.967498,2,2023,20,2
alonso,0.8533805,6.7434707,3,2023,20,3
perez,0.73014766,5.961618,4,2023,20,4
stroll,0.541007,4.9342537,5,2023,20,5
sainz,0.45499516,4.5275884,6,2023,20,6
gasly,0.3230259,3.967834,7,2023,20,7
hamilton,0.26950708,3.7610624,8,2023,20,8
tsunoda,0.1477214,3.3298109,9,2023,20,9
ocon,0.054019924,3.0319746,10,2023,20,10
piastri,-0.10738647,2.5800474,11,2023,20,14
sargeant,-0.15433952,2.4617064,12,2023,20,11
hulkenberg,-0.21622199,2.3139873,13,2023,20,12
ricciardo,-0.23569663,2.2693596,14,2023,20,13
russell,-0.29772744,2.1328666,15,2023,20,15
bottas,-0.3911599,1.9426135,16,2023,20,16
zhou,-0.432881,1.8632333,17,2023,20,17
kevin_magnussen,-0.516982,1.7129418,18,2023,20,18
albon,-0.5396369,1.6745716,19,2023,20,19
leclerc,-0.78445613,1.3109316,20,2023,20,20
max_verstappen,1.4882972,14.373547,1,2023,21,1
leclerc,1.1452513,10.199549,2,2023,21,2
perez,1.0291462,9.081491,3,2023,21,3
sainz,0.89868695,7.9707556,4,2023,21,6
hamilton,0.7858152,7.1199975,5,2023,21,7
russell,0.60755426,5.9574733,6,2023,21,8
ocon,0.5580494,5.669731,7,2023,21,4
stroll,0.3721212,4.7077665,8,2023,21,5
alonso,0.26505405,4.2297645,9,2023,21,9
piastri,0.20344195,3.977026,10,2023,21,10
gasly,0.18106721,3.889029,11,2023,21,11
albon,0.066617295,3.468456,12,2023,21,12
kevin_magnussen,-0.040794276,3.1152143,13,2023,21,13
ricciardo,-0.08356158,2.9847941,14,2023,21,14
zhou,-0.21131222,2.6268358,15,2023,21,15
sargeant,-0.2699524,2.4772272,16,2023,21,16
bottas,-0.3430561,2.302594,17,2023,21,17
tsunoda,-0.41571507,2.141223,18,2023,21,18
hulkenberg,-0.47164002,2.0247624,19,2023,21,19
norris,-0.6566545,1.682764,20,2023,21,20
max_verstappen,2.3519213,28.68744,1,2023,22,1
leclerc,1.4371364,11.492269,2,2023,22,2
russell,0.9648759,7.1664767,3,2023,22,3
perez,0.83373255,6.28566,4,2023,22,4
norris,0.74551654,5.754917,5,2023,22,5
piastri,0.63250804,5.139964,6,2023,22,6
alonso,0.54309744,4.7003436,7,2023,22,7
tsunoda,0.43143713,4.203743,8,2023,22,8
hamilton,0.3160581,3.745654,9,2023,22,9
stroll,0.16767253,3.2291238,10,2023,22,10
ricciardo,-0.046461985,2.6066766,11,2023,22,11
ocon,-0.07634113,2.5299437,12,2023,22,12
gasly,-0.14808702,2.354789,13,2023,22,13
albon,-0.20712887,2.2197828,14,2023,22,14
hulkenberg,-0.27873957,2.0663803,15,2023,22,15
sargeant,-0.39899004,1.8322564,16,2023,22,16
zhou,-0.41439068,1.8042544,17,2023,22,17
sainz,-0.5637197,1.5539784,18,2023,22,18
bottas,-0.6945742,1.363376,19,2023,22,19
kevin_magnussen,-0.77107304,1.2629687,20,2023,22,20
max_verstappen,3.953632,32.956642,1,2024,1,1
perez,3.4305654,19.533403,2,2024,1,2
sainz,3.1528645,14.797009,3,2024,1,3
leclerc,2.702737,9.433788,4,2024,1,4
russell,2.4488368,7.3184414,5,2024,1,5
norris,1.995193,4.6494713,6,2024,1,6
hamilton,1.5704081,3.040338,7,2024,1,7
piastri,1.1235735,1.9447515,8,2024,1,8
alonso,0.8285102,1.4478374,9,2024,1,9
stroll,0.496027,1.038303,10,2024,1,10
zhou,0.07612949,0.68228364,11,2024,1,11
kevin_magnussen,0.007869775,0.6372651,12,2024,1,12
ricciardo,-0.22038946,0.5072106,13,2024,1,13
tsunoda,-0.3581043,0.44195652,14,2024,1,14
albon,-0.5025305,0.38252178,15,2024,1,15
hulkenberg,-0.6500109,0.3300701,16,2024,1,16
ocon,-0.88261384,0.26157004,17,2024,1,17
gasly,-1.0005859,0.23246276,18,2024,1,18
bottas,-1.1710962,0.1960206,19,2024,1,19
sargeant,-1.3214678,0.16865385,20,2024,1,20
max_verstappen,2.6801775,25.556147,1,2024,2,1
perez,2.4099405,19.504414,2,2024,2,2
leclerc,2.1197367,14.591471,3,2024,2,3
piastri,1.458178,7.5298758,4,2024,2,4
alonso,1.2465392,6.0936036,5,2024,2,5
russell,0.9561046,4.5576396,6,2024,2,6
bearman,0.7150716,3.5814657,7,2024,2,7
norris,0.5866612,3.149871,8,2024,2,8
hamilton,0.30556926,2.3780234,9,2024,2,9
hulkenberg,0.190431,2.1193964,10,2024,2,10
albon,-0.026048193,1.7068546,11,2024,2,11
kevin_magnussen,-0.16190195,1.4900333,12,2024,2,12
ocon,-0.30511713,1.2912145,13,2024,2,13
sargeant,-0.39223212,1.1834905,14,2024,2,14
tsunoda,-0.47910604,1.0850159,15,2024,2,15
ricciardo,-0.5709768,0.9897763,16,2024,2,16
bottas,-0.66084397,0.9047075,17,2024,2,17
zhou,-0.75341505,0.8247172,18,2024,2,18
stroll,-0.8093888,0.77982295,19,2024,2,19
gasly,-0.9427623,0.68245274,20,2024,2,20
sainz,3.0676277,31.013351,1,2024,3,1
leclerc,2.6536639,20.500599,2,2024,3,2
norris,2.0581853,11.301951,3,2024,3,3
piastri,1.7487096,8.293729,4,2024,3,4
perez,1.5343847,6.693754,5,2024,3,5
stroll,0.9427813,3.704585,6,2024,3,6
tsunoda,0.7980981,3.2055645,7,2024,3,7
alonso,0.57635903,2.5680556,8,2024,3,8
hulkenberg,0.36436373,2.077476,9,2024,3,9
kevin_magnussen,0.19544876,1.7545962,10,2024,3,10
albon,0.017134812,1.4680355,11,2024,3,11
ricciardo,-0.14042978,1.2540276,12,2024,3,12
gasly,-0.23749103,1.1380303,13,2024,3,13
bottas,-0.33032957,1.0371333,14,2024,3,14
zhou,-0.411402,0.95636874,15,2024,3,15
russell,-0.46450108,0.906911,16,2024,3,17
ocon,-0.5747462,0.81224275,17,2024,3,16
hamilton,-0.72490776,0.698991,18,2024,3,18
max_verstappen,-0.8535776,0.6145977,19,2024,3,19
max_verstappen,3.1756823,33.984478,1,2024,4,1
perez,2.5639474,18.433489,2,2024,4,2
sainz,2.1389008,12.0506935,3,2024,4,3
leclerc,1.8033577,8.615641,4,2024,4,4
norris,1.4622598,6.125628,5,2024,4,5
alonso,1.0402999,4.0169444,6,2024,4,6
russell,0.7744351,3.0791593,7,2024,4,7
piastri,0.511324,2.3668158,8,2024,4,8
hamilton,0.3215776,1.9577565,9,2024,4,9
tsunoda,0.010737764,1.4347049,10,2024,4,10
hulkenberg,-0.11866877,1.2605559,11,2024,4,11
stroll,-0.311909,1.0390561,12,2024,4,12
kevin_magnussen,-0.42111236,0.9315637,13,2024,4,13
bottas,-0.49148735,0.86825854,14,2024,4,14
ocon,-0.58511764,0.790653,15,2024,4,15
gasly,-0.67254937,0.72446066,16,2024,4,16
sargeant,-0.75885373,0.6645587,17,2024,4,17
zhou,-0.8410904,0.6120943,18,2024,4,18
ricciardo,-0.93626183,0.55652654,19,2024,4,19
albon,-1.069788,0.48696348,20,2024,4,20
max_verstappen,3.084611,39.168266,1,2024,5,1
norris,2.0621128,14.088639,2,2024,5,2
perez,1.691219,9.722812,3,2024,5,3
leclerc,1.3743939,7.0826626,4,2024,5,4
sainz,1.1360166,5.580467,5,2024,5,5
russell,0.7828871,3.9202013,6,2024,5,6
alonso,0.6196511,3.3297825,7,2024,5,7
piastri,0.445141,2.7965791,8,2024,5,8
hamilton,0.2986364,2.4154663,9,2024,5,9
hulkenberg,-0.007036226,1.7792994,10,2024,5,10
ocon,-0.15995382,1.5269955,11,2024,5,11
albon,-0.2834686,1.3495717,12,2024,5,12
gasly,-0.3603354,1.2497213,13,2024,5,13
zhou,-0.4322334,1.1630229,14,2024,5,14
stroll,-0.506726,1.0795345,15,2024,5,15
kevin_magnussen,-0.6057827,0.9777251,16,2024,5,16
sargeant,-0.741631,0.8535296,17,2024,5,17
ricciardo,-0.8578079,0.7599125,18,2024,5,18
tsunoda,-0.97821474,0.6737078,19,2024,5,19
bottas,-1.312839,0.48211,20,2024,5,20
max_verstappen,2.3524194,20.697912,1,2024,6,2
norris,2.3378599,20.398743,2,2024,6,1
leclerc,1.8644072,12.705318,3,2024,6,3
perez,1.5620835,9.390485,4,2024,6,4
sainz,1.2322009,6.7518353,5,2024,6,5
hamilton,1.022534,5.474755,6,2024,6,6
tsunoda,0.5743643,3.497253,7,2024,6,7
russell,0.51451236,3.294076,8,2024,6,8
alonso,0.30300355,2.6661007,9,2024,6,9
ocon,0.13706121,2.2584407,10,2024,6,10
hulkenberg,-0.02417525,1.9221382,11,2024,6,11
piastri,-0.10614145,1.7708716,12,2024,6,13
gasly,-0.16617683,1.6676854,13,2024,6,12
ricciardo,-0.30261466,1.4549898,14,2024,6,15
stroll,-0.40867093,1.3085798,15,2024,6,17
zhou,-0.48545432,1.2118634,16,2024,6,14
bottas,-0.5858683,1.0960853,17,2024,6,16
albon,-0.71375185,0.9645069,18,2024,6,18
kevin_magnussen,-0.858819,0.83426386,19,2024,6,19
sargeant,-1.133158,0.63410264,20,2024,6,20
max_verstappen,2.2251058,20.443197,1,2024,7,1
norris,2.0063589,16.42662,2,2024,7,2
leclerc,1.7935146,13.277343,3,2024,7,3
piastri,1.5333691,10.236027,4,2024,7,4
sainz,1.110049,6.7032566,5,2024,7,5
hamilton,0.99379724,5.9675817,6,2024,7,6
russell,0.6881836,4.396145,7,2024,7,7
perez,0.54298943,3.8020258,8,2024,7,8
stroll,0.15367451,2.5759518,9,2024,7,9
tsunoda,0.095064975,2.429315,10,2024,7,10
hulkenberg,-0.07917611,2.040854,11,2024,7,11
kevin_magnussen,-0.2675444,1.6904593,12,2024,7,12
ricciardo,-0.288259,1.6558019,13,2024,7,13
ocon,-0.36355156,1.5357101,14,2024,7,14
zhou,-0.48319262,1.3625417,15,2024,7,15
gasly,-0.5420513,1.2846588,16,2024,7,16
sargeant,-0.66822636,1.1323762,17,2024,7,17
bottas,-0.73365915,1.0606534,18,2024,7,18
alonso,-0.7764205,1.0162545,19,2024,7,19
albon,-0.8300132,0.9632245,20,2024,7,20
leclerc,2.2988958,25.332075,1,2024,8,1
piastri,1.5921034,12.49438,2,2024,8,2
sainz,1.3925754,10.234363,3,2024,8,3
norris,1.2575085,8.941328,4,2024,8,4
russell,0.9925064,6.8598247,5,2024,8,5
max_verstappen,0.8686519,6.0607133,6,2024,8,6
hamilton,0.659635,4.9175506,7,2024,8,7
tsunoda,0.2600928,3.2978423,8,2024,8,8
albon,0.15496407,2.968746,9,2024,8,9
gasly,0.077251926,2.746775,10,2024,8,10
alonso,-0.0941703,2.314064,11,2024,8,11
ricciardo,-0.16485621,2.1561396,12,2024,8,12
bottas,-0.2968074,1.8896062,13,2024,8,13
stroll,-0.36745158,1.7607219,14,2024,8,14
sargeant,-0.48925757,1.5588027,15,2024,8,15
zhou,-0.50348276,1.5367851,16,2024,8,16
ocon,-0.57611144,1.4291278,17,2024,8,17
hulkenberg,-0.6697095,1.3014332,18,2024,8,19
perez,-0.80892164,1.1323035,19,2024,8,18
kevin_magnussen,-0.86793727,1.0674133,20,2024,8,20
max_verstappen,1.9130969,19.790102,1,2024,9,1
norris,1.602694,14.509142,2,2024,9,2
russell,1.3112513,10.841011,3,2024,9,3
hamilton,1.2132527,9.829005,4,2024,9,4
piastri,0.9945834,7.8984647,5,2024,9,5
alonso,0.4739446,4.6928015,6,2024,9,6
stroll,0.30673942,3.9702318,7,2024,9,7
ricciardo,0.2794737,3.8634427,8,2024,9,8
gasly,0.17267314,3.472095,9,2024,9,9
sainz,-0.089821994,2.6704926,10,2024,9,16
ocon,-0.10336563,2.6345685,11,2024,9,10
hulkenberg,-0.18548815,2.4268565,12,2024,9,11
kevin_magnussen,-0.3011619,2.1617613,13,2024,9,12
tsunoda,-0.32638934,2.1079075,14,2024,9,14
albon,-0.4260658,1.9079304,15,2024,9,17
bottas,-0.52927256,1.72084,16,2024,9,13
zhou,-0.57364994,1.6461432,17,2024,9,15
perez,-0.6576067,1.513581,18,2024,9,18
leclerc,-0.84364223,1.2566416,19,2024,9,19
sargeant,-0.9886805,1.0869815,20,2024,9,20
max_verstappen,1.8802255,17.900585,1,2024,10,1
norris,1.6477748,14.187802,2,2024,10,2
hamilton,1.3760993,10.812547,3,2024,10,3
russell,1.1520773,8.642442,4,2024,10,4
leclerc,0.99570876,7.391396,5,2024,10,5
sainz,0.89822006,6.7048273,6,2024,10,6
piastri,0.6986366,5.491737,7,2024,10,7
perez,0.47023362,4.3703427,8,2024,10,8
gasly,0.23749164,3.462876,9,2024,10,9
ocon,0.05113257,2.8741024,10,2024,10,10
hulkenberg,-0.06261334,2.5650923,11,2024,10,11
alonso,-0.14782698,2.3555653,12,2024,10,12
stroll,-0.23588412,2.1570117,13,2024,10,14
zhou,-0.32861698,1.9659803,14,2024,10,13
ricciardo,-0.3710824,1.8842416,15,2024,10,15
bottas,-0.46747857,1.7110878,16,2024,10,16
kevin_magnussen,-0.53924364,1.592594,17,2024,10,17
albon,-0.64743716,1.4292798,18,2024,10,18
tsunoda,-0.6512064,1.4239028,19,2024,10,19
sargeant,-0.93081266,1.0765861,20,2024,10,20
russell,1.4977413,14.334585,1,2024,11,1
piastri,1.2987605,11.748134,2,2024,11,2
sainz,1.2271589,10.936357,3,2024,11,3
hamilton,1.1526618,10.1512375,4,2024,11,4
max_verstappen,0.94292414,8.230593,5,2024,11,5
hulkenberg,0.6427219,6.0961394,6,2024,11,6
perez,0.49492073,5.258546,7,2024,11,7
kevin_magnussen,0.37183633,4.649549,8,2024,11,8
ricciardo,0.183462,3.8512428,9,2024,11,9
gasly,0.06506174,3.421214,10,2024,11,10
leclerc,0.0031579826,3.2158506,11,2024,11,11
ocon,-0.08956169,2.9310834,12,2024,11,12
stroll,-0.17793982,2.683157,13,2024,11,13
tsunoda,-0.30081803,2.3729072,14,2024,11,14
albon,-0.4402828,2.0640109,15,2024,11,15
alonso,-0.457566,2.0286446,16,2024,11,18
bottas,-0.55882734,1.8332796,17,2024,11,16
zhou,-0.736042,1.5355551,18,2024,11,17
norris,-0.852848,1.3662721,19,2024,11,20
sargeant,-0.9090227,1.2916379,20,2024,11,19
hamilton,1.7583886,17.06278,1,2024,12,1
max_verstappen,1.5157619,13.3868475,2,2024,12,2
norris,1.3627683,11.487725,3,2024,12,3
piastri,1.2053407,9.814408,4,2024,12,4
sainz,0.88487434,7.1233997,5,2024,12,5
hulkenberg,0.7143837,6.0068145,6,2024,12,6
stroll,0.4947319,4.82226,7,2024,12,7
alonso,0.23678939,3.7258697,8,2024,12,8
albon,0.12848718,3.3434331,9,2024,12,9
tsunoda,0.021118281,3.003052,10,2024,12,10
sargeant,-0.071661584,2.7369637,11,2024,12,11
leclerc,-0.09412472,2.6761687,12,2024,12,14
kevin_magnussen,-0.20294908,2.4002235,13,2024,12,12
ricciardo,-0.25689694,2.2741673,14,2024,12,13
bottas,-0.34770337,2.076757,15,2024,12,15
ocon,-0.4146744,1.9422293,16,2024,12,16
perez,-0.50485194,1.7747488,17,2024,12,17
russell,-0.59891206,1.615426,18,2024,12,19
zhou,-0.6671994,1.5087949,19,2024,12,18
gasly,-0.88135993,1.2179279,20,2024,12,20
piastri,1.8411123,17.046087,1,2024,13,1
norris,1.7702036,15.8792305,2,2024,13,2
hamilton,1.4693041,11.753048,3,2024,13,3
leclerc,1.2666807,9.59737,4,2024,13,4
max_verstappen,1.1002706,8.126083,5,2024,13,5
sainz,0.894906,6.617479,6,2024,13,6
perez,0.40881407,4.0699167,7,2024,13,7
russell,0.21209691,3.3431227,8,2024,13,8
tsunoda,0.040969457,2.817297,9,2024,13,9
stroll,0.013005416,2.7396054,10,2024,13,10
alonso,-0.037476365,2.6047378,11,2024,13,11
ricciardo,-0.12223694,2.3930564,12,2024,13,12
hulkenberg,-0.23887458,2.1295996,13,2024,13,13
albon,-0.2945132,2.0143476,14,2024,13,14
kevin_magnussen,-0.35376057,1.8984692,15,2024,13,15
bottas,-0.46380296,1.7006412,16,2024,13,16
sargeant,-0.5950292,1.4914954,17,2024,13,17
ocon,-0.6530783,1.4073803,18,2024,13,18
zhou,-0.7691112,1.2531961,19,2024,13,19
gasly,-0.88341486,1.1178347,20,2024,13,20
hamilton,1.9862779,18.374985,1,2024,14,1
piastri,1.7788645,14.933048,2,2024,14,2
leclerc,1.6696578,13.388151,3,2024,14,3
max_verstappen,1.4300083,10.535184,4,2024,14,4
norris,1.0985535,7.562984,5,2024,14,5
sainz,0.74512804,5.31132,6,2024,14,6
perez,0.53793484,4.3173733,7,2024,14,7
alonso,0.24310234,3.2149591,8,2024,14,8
ocon,0.100460984,2.7875783,9,2024,14,9
ricciardo,0.054777868,2.663098,10,2024,14,10
stroll,-0.100156814,2.2808661,11,2024,14,11
albon,-0.16307242,2.1417854,12,2024,14,12
gasly,-0.21753873,2.0282505,13,2024,14,13
kevin_magnussen,-0.33022514,1.8121014,14,2024,14,14
bottas,-0.40810952,1.6763229,15,2024,14,15
tsunoda,-0.46883646,1.5775545,16,2024,14,16
sargeant,-0.50811946,1.5167848,17,2024,14,17
hulkenberg,-0.53148323,1.4817576,18,2024,14,18
russell,-0.6354438,1.3354503,19,2024,14,20
zhou,-0.86601955,1.0604492,20,2024,14,19
norris,1.9773467,20.154879,1,2024,15,1
max_verstappen,1.7681947,16.351088,2,2024,15,2
leclerc,1.2936152,10.172774,3,2024,15,3
piastri,1.1750685,9.0355625,4,2024,15,4
sainz,0.73386025,5.812205,5,2024,15,5
perez,0.5807373,4.9870124,6,2024,15,6
russell,0.51714486,4.6797495,7,2024,15,7
hamilton,0.37249604,4.0495095,8,2024,15,8
gasly,0.16306981,3.2843525,9,2024,15,9
alonso,0.07768163,3.0155473,10,2024,15,10
hulkenberg,-0.117246725,2.481475,11,2024,15,11
ricciardo,-0.15280968,2.394777,12,2024,15,12
stroll,-0.21038142,2.2607987,13,2024,15,13
albon,-0.27935377,2.1101222,14,2024,15,14
ocon,-0.32819825,2.0095313,15,2024,15,15
tsunoda,-0.50546795,1.6830908,16,2024,15,17
kevin_magnussen,-0.5633694,1.5884045,17,2024,15,18
bottas,-0.6975767,1.3889151,18,2024,15,19
sargeant,-0.7328994,1.3407114,19,2024,15,16
zhou,-0.84420425,1.1994888,20,2024,15,20
leclerc,1.8478534,18.450842,1,2024,16,1
piastri,1.5347422,13.490675,2,2024,16,2
norris,1.3001755,10.669957,3,2024,16,3
sainz,1.0880954,8.630928,4,2024,16,4
hamilton,0.93426335,7.4002957,5,2024,16,5
max_verstappen,0.7764298,6.319792,6,2024,16,6
russell,0.61746657,5.3909583,7,2024,16,7
perez,0.38436934,4.270052,8,2024,16,8
albon,0.096296154,3.2012866,9,2024,16,9
kevin_magnussen,0.0070232535,2.9278834,10,2024,16,10
alonso,-0.038323723,2.7980783,11,2024,16,11
colapinto,-0.15681256,2.4854257,12,2024,16,12
ricciardo,-0.23702486,2.2938504,13,2024,16,13
ocon,-0.32553667,2.0995433,14,2024,16,14
gasly,-0.3466285,2.0557241,15,2024,16,15
bottas,-0.45821846,1.8386621,16,2024,16,16
hulkenberg,-0.5177165,1.7324556,17,2024,16,17
zhou,-0.6708806,1.486428,18,2024,16,18
stroll,-0.82326555,1.2763327,19,2024,16,19
tsunoda,-0.9010376,1.1808318,20,2024,16,20
piastri,1.8626605,19.112604,1,2024,17,1
leclerc,1.699657,16.237843,2,2024,17,2
russell,1.1372051,9.25249,3,2024,17,3
norris,0.9943864,8.021087,4,2024,17,4
max_verstappen,0.8275243,6.788377,5,2024,17,5
alonso,0.46102563,4.705411,6,2024,17,6
sainz,0.4054113,4.450867,7,2024,17,18
albon,0.34563598,4.1926103,8,2024,17,7
colapinto,0.28067926,3.9289284,9,2024,17,8
hamilton,0.17539254,3.5362966,10,2024,17,9
bearman,-0.063533105,2.78474,11,2024,17,10
hulkenberg,-0.13540667,2.591614,12,2024,17,11
gasly,-0.21474142,2.3939533,13,2024,17,12
ricciardo,-0.31390178,2.167958,14,2024,17,13
zhou,-0.42485723,1.9402761,15,2024,17,14
ocon,-0.49936017,1.8009735,16,2024,17,15
bottas,-0.56474286,1.686988,17,2024,17,16
perez,-0.64066464,1.5636501,18,2024,17,17
stroll,-0.7259166,1.4358698,19,2024,17,19
tsunoda,-0.74589175,1.407473,20,2024,17,20
norris,1.9073281,19.473148,1,2024,18,1
max_verstappen,1.5683427,13.8744755,2,2024,18,2
piastri,1.2286793,9.878766,3,2024,18,3
russell,1.0299823,8.098595,4,2024,18,4
leclerc,0.9315352,7.3393,5,2024,18,5
hamilton,0.7046514,5.84952,6,2024,18,6
sainz,0.6323282,5.441401,7,2024,18,7
alonso,0.344216,4.079295,8,2024,18,8
hulkenberg,0.21904708,3.5993576,9,2024,18,9
perez,0.10888504,3.223905,10,2024,18,10
colapinto,-0.06751568,2.7025414,11,2024,18,11
tsunoda,-0.13981205,2.5140533,12,2024,18,12
ocon,-0.27588207,2.1942194,13,2024,18,13
stroll,-0.32951683,2.0796328,14,2024,18,14
zhou,-0.46023247,1.8248098,15,2024,18,15
bottas,-0.51993465,1.719053,16,2024,18,16
gasly,-0.5573396,1.6559398,17,2024,18,17
ricciardo,-0.6126892,1.5667746,18,2024,18,18
kevin_magnussen,-0.65830886,1.4969045,19,2024,18,19
albon,-0.7336217,1.3883094,20,2024,18,20
leclerc,1.7975696,17.17762,1,2024,19,1
max_verstappen,1.730806,16.068226,2,2024,19,3
sainz,1.3319695,10.783392,3,2024,19,2
norris,1.1790129,9.253952,4,2024,19,4
piastri,1.0316455,7.9859467,5,2024,19,5
russell,0.79669344,6.313759,6,2024,19,6
perez,0.26656485,3.7158322,7,2024,19,7
hulkenberg,0.18935609,3.4397326,8,2024,19,8
lawson,0.063851915,3.034024,9,2024,19,9
colapinto,-0.016479848,2.7998278,10,2024,19,10
kevin_magnussen,-0.06665048,2.6628244,11,2024,19,11
gasly,-0.20840462,2.310891,12,2024,19,12
alonso,-0.24528311,2.2272217,13,2024,19,13
tsunoda,-0.2995596,2.1095574,14,2024,19,14
stroll,-0.33843192,2.0291276,15,2024,19,15
albon,-0.44047672,1.8322799,16,2024,19,16
bottas,-0.4845317,1.753311,17,2024,19,17
ocon,-0.5167616,1.6977029,18,2024,19,18
zhou,-0.65948486,1.4718982,19,2024,19,19
hamilton,-0.7587044,1.3328685,20,2024,19,20
sainz,1.7882688,16.663637,1,2024,20,1
norris,1.5622137,13.2921505,2,2024,20,2
max_verstappen,1.403951,11.346521,3,2024,20,6
leclerc,1.395459,11.250573,4,2024,20,3
hamilton,1.0272417,7.785023,5,2024,20,4
russell,0.860031,6.586296,6,2024,20,5
kevin_magnussen,0.4940379,4.567646,7,2024,20,7
piastri,0.42378223,4.257756,8,2024,20,8
hulkenberg,0.149902,3.237696,9,2024,20,9
gasly,-0.03939122,2.6793354,10,2024,20,10
stroll,-0.13615115,2.432231,11,2024,20,11
colapinto,-0.20368548,2.2733958,12,2024,20,12
ocon,-0.27104682,2.1253006,13,2024,20,13
bottas,-0.3372205,1.9892142,14,2024,20,14
zhou,-0.39910227,1.8698493,15,2024,20,15
lawson,-0.42200124,1.8275185,16,2024,20,16
perez,-0.5342303,1.633508,17,2024,20,17
alonso,-0.6252111,1.4914504,18,2024,20,18
albon,-0.6744712,1.4197617,19,2024,20,19
tsunoda,-0.7850476,1.271138,20,2024,20,20
max_verstappen,1.6926929,16.144772,1,2024,21,1
ocon,1.4467003,12.624049,2,2024,21,2
russell,1.2823187,10.710473,3,2024,21,4
gasly,0.96412265,7.7914424,4,2024,21,3
leclerc,0.95057696,7.6866136,5,2024,21,5
norris,0.81331015,6.700711,6,2024,21,6
tsunoda,0.51589876,4.9768753,7,2024,21,7
piastri,0.36137685,4.2643094,8,2024,21,8
lawson,0.25637722,3.8392642,9,2024,21,9
hamilton,0.1482143,3.4456677,10,2024,21,10
perez,0.06302555,3.164291,11,2024,21,11
bearman,-0.054621674,2.813085,12,2024,21,12
alonso,-0.1332726,2.6003103,13,2024,21,14
bottas,-0.2678453,2.2729034,14,2024,21,13
zhou,-0.35169992,2.0900824,15,2024,21,15
sainz,-0.411487,1.9687848,16,2024,21,16
colapinto,-0.44083896,1.9118369,17,2024,21,17
albon,-0.5143442,1.7763475,18,2024,21,18
stroll,-0.581201,1.6614696,19,2024,21,19
hulkenberg,-0.6463235,1.5567181,20,2024,21,20
russell,1.7541074,18.032116,1,2024,22,1
hamilton,1.2845734,11.275367,2,2024,22,2
sainz,1.2668939,11.077776,3,2024,22,3
leclerc,1.0521646,8.937104,4,2024,22,4
max_verstappen,0.84490013,7.26412,5,2024,22,5
norris,0.7006807,6.2885323,6,2024,22,6
piastri,0.53710705,5.3396177,7,2024,22,7
hulkenberg,0.28737268,4.159603,8,2024,22,8
tsunoda,0.20753856,3.8404346,9,2024,22,9
perez,0.08672039,3.4033737,10,2024,22,10
alonso,-0.020776125,3.0565012,11,2024,22,11
kevin_magnussen,-0.13462321,2.7276049,12,2024,22,12
zhou,-0.20391087,2.545014,13,2024,22,13
colapinto,-0.3811579,2.1316345,14,2024,22,14
stroll,-0.42912203,2.0318058,15,2024,22,15
lawson,-0.52805763,1.8404115,16,2024,22,16
ocon,-0.6109372,1.6940292,17,2024,22,17
bottas,-0.69239795,1.5615033,18,2024,22,18
gasly,-0.76269317,1.4555064,19,2024,22,20
albon,-0.8469116,1.3379458,20,2024,22,19
max_verstappen,1.8351971,19.055765,1,2024,23,1
leclerc,1.4997078,13.624646,2,2024,23,2
piastri,1.1209257,9.328724,3,2024,23,3
russell,1.0276034,8.497533,4,2024,23,4
sainz,0.76771456,6.5527663,5,2024,23,6
gasly,0.57324654,5.394712,6,2024,23,5
alonso,0.43908295,4.7173896,7,2024,23,7
zhou,0.34479904,4.292939,8,2024,23,8
norris,0.27241153,3.9931643,9,2024,23,10
kevin_magnussen,0.15816785,3.562065,10,2024,23,9
hamilton,0.0677109,3.253995,11,2024,23,12
bottas,-0.12104121,2.694281,12,2024,23,11
tsunoda,-0.23037402,2.4152398,13,2024,23,13
lawson,-0.3155641,2.2180057,14,2024,23,14
albon,-0.36202624,2.1173096,15,2024,23,15
hulkenberg,-0.42688546,1.9843414,16,2024,23,16
perez,-0.54637015,1.76086,17,2024,23,17
stroll,-0.57768905,1.7065665,18,2024,23,18
colapinto,-0.6859032,1.5315332,19,2024,23,19
ocon,-0.8512137,1.298174,20,2024,23,20
norris,1.8363752,18.421415,1,2024,24,1
sainz,1.4281139,12.246652,2,2024,24,2
leclerc,1.1825556,9.580158,3,2024,24,3
hamilton,0.9576156,7.650371,4,2024,24,4
max_verstappen,0.9252185,7.406493,5,2024,24,6
russell,0.7751386,6.374318,6,2024,24,5
piastri,0.66365296,5.701854,7,2024,24,10
gasly,0.4786571,4.738856,8,2024,24,7
hulkenberg,0.30825308,3.9963908,9,2024,24,8
alonso,0.20456529,3.602773,10,2024,24,9
albon,-0.02661829,2.8591387,11,2024,24,11
tsunoda,-0.12221228,2.598479,12,2024,24,12
zhou,-0.21698134,2.3635323,13,2024,24,13
stroll,-0.25798216,2.268585,14,2024,24,14
doohan,-0.33177617,2.1072052,15,2024,24,15
kevin_magnussen,-0.42097706,1.9273797,16,2024,24,16
lawson,-0.47085997,1.8335952,17,2024,24,17
bottas,-0.635315,1.5555414,18,2024,24,18
colapinto,-0.6954123,1.4648113,19,2024,24,19
perez,-0.81289166,1.3024497,20,2024,24,20
norris,4.4536147,42.15402,1,2025,1,1
max_verstappen,3.8287227,22.565859,2,2025,1,2
russell,3.2316766,12.421042,3,2025,1,3
antonelli,2.6643252,7.043045,4,2025,1,4
albon,2.2794707,4.7931414,5,2025,1,5
stroll,1.8054197,2.9836133,6,2025,1,6
hulkenberg,1.4439399,2.0785184,7,2025,1,7
leclerc,1.1384546,1.5313807,8,2025,1,8
piastri,0.85478544,1.1531539,9,2025,1,9
hamilton,0.52588856,0.8299447,10,2025,1,10
gasly,0.034336906,0.5076578,11,2025,1,11
tsunoda,-0.09884325,0.44435668,12,2025,1,12
ocon,-0.24275795,0.3847958,13,2025,1,13
bearman,-0.45685914,0.31063277,14,2025,1,14
lawson,-0.838576,0.21206543,15,2025,1,15
bortoleto,-1.1524631,0.15493532,16,2025,1,16
alonso,-1.2500725,0.14052682,17,2025,1,17
sainz,-1.4434199,0.115821555,18,2025,1,18
doohan,-1.6210536,0.09697148,19,2025,1,19
hadjar,-1.8321288,0.07851908,20,2025,1,20
piastri,3.8705294,44.943302,1,2025,2,1
norris,2.8477387,16.161163,2,2025,2,2
russell,2.5689569,12.229233,3,2025,2,3
max_verstappen,2.1528935,8.066872,4,2025,2,4
antonelli,1.3179377,3.5001643,5,2025,2,6
ocon,1.2783912,3.364446,6,2025,2,5
albon,0.7666887,2.0168984,7,2025,2,7
bearman,0.57497114,1.6650306,8,2025,2,8
stroll,0.2513614,1.2047037,9,2025,2,9
sainz,0.16536342,1.1054313,10,2025,2,10
hadjar,-0.0045134677,0.9327285,11,2025,2,11
lawson,-0.14073777,0.8139427,12,2025,2,12
doohan,-0.25165054,0.7284922,13,2025,2,13
bortoleto,-0.36793756,0.64851797,14,2025,2,14
hulkenberg,-0.4915667,0.57310027,15,2025,2,15
tsunoda,-0.5807504,0.5242021,16,2025,2,16
alonso,-0.74925506,0.4429127,17,2025,2,17
leclerc,-0.8167889,0.4139887,18,2025,2,18
hamilton,-0.9126485,0.37614667,19,2025,2,19
gasly,-1.1771964,0.2887125,20,2025,2,20
max_verstappen,3.4195883,32.69135,1,2025,3,1
norris,2.9387107,20.21112,2,2025,3,2
piastri,2.6679952,15.417721,3,2025,3,3
leclerc,1.9604958,7.5990105,4,2025,3,4
russell,1.8289856,6.662587,5,2025,3,5
antonelli,1.0926768,3.1905684,6,2025,3,6
hamilton,0.928115,2.7064486,7,2025,3,7
hadjar,0.6153488,1.9795531,8,2025,3,8
albon,0.28624776,1.4244276,9,2025,3,9
bearman,0.11246548,1.1972024,10,2025,3,10
alonso,-0.0005103213,1.0693084,11,2025,3,11
tsunoda,-0.037188254,1.0307987,12,2025,3,12
gasly,-0.18887195,0.8857242,13,2025,3,13
sainz,-0.28417474,0.8052099,14,2025,3,14
doohan,-0.44319272,0.6868286,15,2025,3,15
hulkenberg,-0.51787364,0.6374042,16,2025,3,16
lawson,-0.65478104,0.55584884,17,2025,3,17
ocon,-0.7258992,0.5176907,18,2025,3,18
bortoleto,-0.9550673,0.41166508,19,2025,3,19
stroll,-1.2084128,0.31953427,20,2025,3,20
piastri,3.4667096,38.31483,1,2025,4,1
russell,2.651995,16.96449,2,2025,4,2
norris,2.3610344,12.681725,3,2025,4,3
leclerc,1.9374554,8.302718,4,2025,4,4
hamilton,1.4131317,4.9148397,5,2025,4,5
max_verstappen,1.2316297,4.099058,6,2025,4,6
gasly,0.74597174,2.522118,7,2025,4,7
ocon,0.42871174,1.8364588,8,2025,4,8
tsunoda,0.24398316,1.5267034,9,2025,4,9
bearman,0.08309652,1.2998176,10,2025,4,10
antonelli,0.04162157,1.2470106,11,2025,4,11
albon,-0.10451311,1.0774685,12,2025,4,12
hadjar,-0.20291255,0.97649556,13,2025,4,13
doohan,-0.40742964,0.79588366,14,2025,4,14
alonso,-0.45818114,0.7564993,15,2025,4,15
lawson,-0.544459,0.6939667,16,2025,4,16
stroll,-0.72280514,0.58060914,17,2025,4,17
bortoleto,-0.8100483,0.5321017,18,2025,4,18
hulkenberg,-0.8809239,0.4956941,19,2025,4,20
sainz,-1.1427355,0.38151386,20,2025,4,19
piastri,3.0301824,31.19024,1,2025,5,1
max_verstappen,2.66491,21.646267,2,2025,5,2
leclerc,1.8680828,9.757202,3,2025,5,3
norris,1.6120547,7.5532475,4,2025,5,4
russell,1.4352357,6.3291044,5,2025,5,5
antonelli,0.94772303,3.887032,6,2025,5,6
hamilton,0.79384804,3.3326607,7,2025,5,7
sainz,0.5371194,2.5780733,8,2025,5,8
albon,0.3382551,2.1131463,9,2025,5,9
hadjar,0.13234103,1.719896,10,2025,5,10
alonso,-0.0029410324,1.5022768,11,2025,5,11
lawson,-0.19583765,1.2387282,12,2025,5,12
bearman,-0.24745281,1.1764132,13,2025,5,13
ocon,-0.32674947,1.0867302,14,2025,5,14
hulkenberg,-0.41090873,0.99901474,15,2025,5,15
stroll,-0.50698227,0.90750206,16,2025,5,16
doohan,-0.6148388,0.81471574,17,2025,5,17
bortoleto,-0.6771621,0.76548994,18,2025,5,18
tsunoda,-0.7047412,0.74466693,19,2025,5,19
gasly,-0.829099,0.6575885,20,2025,5,20
piastri,2.6961408,29.888096,1,2025,6,1
norris,2.2037613,18.26672,2,2025,6,2
russell,1.3417462,7.7142224,3,2025,6,3
max_verstappen,1.2309153,6.904924,4,2025,6,4
albon,0.89440244,4.9318886,5,2025,6,5
antonelli,0.8385201,4.663842,6,2025,6,6
leclerc,0.71208215,4.109912,7,2025,6,7
hamilton,0.5865678,3.62512,8,2025,6,8
sainz,0.446578,3.1515598,9,2025,6,9
tsunoda,0.30356708,2.7315974,10,2025,6,10
hadjar,-0.009583941,1.9971788,11,2025,6,11
ocon,-0.06269231,1.8938789,12,2025,6,12
gasly,-0.20509814,1.642503,13,2025,6,13
hulkenberg,-0.283564,1.5185491,14,2025,6,14
alonso,-0.406973,1.342249,15,2025,6,15
stroll,-0.45355648,1.2811562,16,2025,6,16
lawson,-0.52609724,1.191511,17,2025,6,17
bortoleto,-0.59480155,1.1123981,18,2025,6,18
bearman,-0.63169163,1.072109,19,2025,6,19
doohan,-0.74153507,0.96058214,20,2025,6,20
max_verstappen,2.9235997,30.910973,1,2025,7,1
norris,2.4368157,18.997877,2,2025,7,2
piastri,2.1243975,13.900278,3,2025,7,3
hamilton,1.243138,5.758341,4,2025,7,4
russell,0.9924252,4.4814053,5,2025,7,7
albon,0.8579758,3.9176311,6,2025,7,5
leclerc,0.7354514,3.465867,7,2025,7,6
sainz,0.5273382,2.814683,8,2025,7,8
hadjar,0.29964462,2.2415242,9,2025,7,9
tsunoda,0.20323066,2.035501,10,2025,7,10
alonso,0.03455425,1.7195555,11,2025,7,11
gasly,-0.091591805,1.5157639,12,2025,7,13
hulkenberg,-0.12043979,1.472662,13,2025,7,12
stroll,-0.25002745,1.2936713,14,2025,7,15
lawson,-0.32835555,1.1962072,15,2025,7,14
colapinto,-0.43706223,1.0729901,16,2025,7,16
bearman,-0.4921921,1.0154372,17,2025,7,17
bortoleto,-0.60129863,0.91047657,18,2025,7,18
antonelli,-0.8892521,0.6826721,19,2025,7,19
ocon,-1.0242034,0.5964906,20,2025,7,20
norris,2.559475,29.634022,1,2025,8,1
leclerc,1.7901068,13.729611,2,2025,8,2
piastri,1.5407926,10.699967,3,2025,8,3
max_verstappen,1.221361,7.77419,4,2025,8,4
hamilton,1.0132957,6.313839,5,2025,8,5
hadjar,0.78443074,5.022254,6,2025,8,6
ocon,0.52552944,3.8766737,7,2025,8,7
lawson,0.40637168,3.441198,8,2025,8,8
albon,0.21469426,2.840961,9,2025,8,9
sainz,0.14539053,2.6507392,10,2025,8,10
russell,0.015855638,2.3286848,11,2025,8,11
bearman,-0.18634471,1.9023757,12,2025,8,12
colapinto,-0.2505069,1.7841485,13,2025,8,13
bortoleto,-0.3777106,1.5710394,14,2025,8,14
stroll,-0.45919108,1.4481068,15,2025,8,15
hulkenberg,-0.5579977,1.3118658,16,2025,8,16
tsunoda,-0.6393009,1.2094278,17,2025,8,17
antonelli,-0.83031034,0.9991381,18,2025,8,18
alonso,-1.0704005,0.78587914,19,2025,8,19
gasly,-1.2211925,0.675877,20,2025,8,20
piastri,2.52581,29.276407,1,2025,9,1
norris,2.0018055,17.335867,2,2025,9,2
russell,1.2527902,8.196951,3,2025,9,4
leclerc,1.166739,7.521089,4,2025,9,3
hamilton,0.8082688,5.2553186,5,2025,9,6
hulkenberg,0.7475994,4.945961,6,2025,9,5
hadjar,0.45362416,3.6862001,7,2025,9,7
gasly,0.28062895,3.1006162,8,2025,9,8
alonso,0.24723935,2.9987972,9,2025,9,9
max_verstappen,0.16081886,2.750522,10,2025,9,10
lawson,-0.0008119284,2.3400216,11,2025,9,11
bortoleto,-0.10653158,2.1052628,12,2025,9,12
tsunoda,-0.20811501,1.9019067,13,2025,9,13
sainz,-0.26347044,1.7994868,14,2025,9,14
ocon,-0.35099554,1.6486824,15,2025,9,16
colapinto,-0.42023063,1.5383976,16,2025,9,15
bearman,-0.4685513,1.4658283,17,2025,9,17
antonelli,-0.6978311,1.1654891,18,2025,9,18
albon,-0.884323,0.9671991,19,2025,9,19
russell,2.1242204,22.189997,1,2025,10,1
max_verstappen,1.7136906,14.718598,2,2025,10,2
piastri,1.4732838,11.573351,3,2025,10,4
antonelli,1.1987507,8.794899,4,2025,10,3
leclerc,0.8342918,6.1086946,5,2025,10,5
hamilton,0.77450114,5.7541556,6,2025,10,6
alonso,0.6055671,4.8597565,7,2025,10,7
hulkenberg,0.09285313,2.910353,8,2025,10,8
ocon,-0.021953685,2.5946918,9,2025,10,9
sainz,-0.10060089,2.3984442,10,2025,10,10
bearman,-0.13379295,2.3201418,11,2025,10,11
tsunoda,-0.19885118,2.174003,12,2025,10,12
colapinto,-0.25497037,2.0553596,13,2025,10,13
bortoleto,-0.29253948,1.9795738,14,2025,10,14
gasly,-0.34815493,1.8724846,15,2025,10,15
hadjar,-0.3877049,1.7998732,16,2025,10,16
stroll,-0.4830629,1.6361703,17,2025,10,17
norris,-0.5755972,1.4915621,18,2025,10,18
lawson,-0.611471,1.4390028,19,2025,10,19
albon,-0.6910815,1.3288845,20,2025,10,20
norris,2.718,34.184093,1,2025,11,1
piastri,1.9165336,15.337396,2,2025,11,2
leclerc,1.3032868,8.306574,3,2025,11,3
hamilton,1.1138147,6.8728247,4,2025,11,4
russell,0.8201754,5.1240025,5,2025,11,5
lawson,0.685604,4.4788423,6,2025,11,6
alonso,0.49115163,3.687365,7,2025,11,7
bortoleto,0.3733742,3.2776759,8,2025,11,8
hulkenberg,0.12702607,2.5619955,9,2025,11,9
ocon,-0.056805104,2.1317759,10,2025,11,10
bearman,-0.17454217,1.8949989,11,2025,11,11
hadjar,-0.223347,1.8047346,12,2025,11,12
gasly,-0.28521845,1.6964569,13,2025,11,13
stroll,-0.3349361,1.6141756,14,2025,11,14
colapinto,-0.46627492,1.4155037,15,2025,11,15
tsunoda,-0.57301825,1.2721928,16,2025,11,16
albon,-0.5982448,1.2405015,17,2025,11,17
max_verstappen,-0.670979,1.1534777,18,2025,11,18
antonelli,-0.76345855,1.0515887,19,2025,11,19
sainz,-0.92599887,0.8938311,20,2025,11,20
norris,2.641734,29.413843,1,2025,12,1
piastri,2.262274,20.125862,2,2025,12,2
max_verstappen,1.2739908,7.491149,3,2025,12,5
hamilton,1.245112,7.277909,4,2025,12,4
hulkenberg,0.8514265,4.909431,5,2025,12,3
gasly,0.5526739,3.641535,6,2025,12,6
stroll,0.45513552,3.3031187,7,2025,12,7
albon,0.37832573,3.0589056,8,2025,12,8
russell,0.26721504,2.73723,9,2025,12,10
alonso,0.24310257,2.6720183,10,2025,12,9
leclerc,0.038594097,2.1778226,11,2025,12,14
bearman,-0.06465087,1.9641916,12,2025,12,11
sainz,-0.14752063,1.8079814,13,2025,12,12
ocon,-0.21898198,1.6832888,14,2025,12,13
tsunoda,-0.30267444,1.5481442,15,2025,12,15
antonelli,-0.37336332,1.4424863,16,2025,12,16
hadjar,-0.44424427,1.343781,17,2025,12,17
bortoleto,-0.52639985,1.2377951,18,2025,12,18
lawson,-0.6126248,1.1355381,19,2025,12,19
colapinto,-0.7121389,1.0279769,20,2025,12,20
piastri,2.332909,24.674685,1,2025,13,1
norris,2.1064267,19.67395,2,2025,13,2
leclerc,1.3015707,8.797252,3,2025,13,3
max_verstappen,1.1090318,7.2565207,4,2025,13,4
russell,0.83685124,5.5274124,5,2025,13,5
albon,0.69630116,4.80266,6,2025,13,6
hamilton,0.5262324,4.0515566,7,2025,13,7
lawson,0.31309208,3.2738307,8,2025,13,8
bortoleto,0.1456808,2.7691755,9,2025,13,9
gasly,0.049733594,2.5158288,10,2025,13,10
bearman,-0.059356004,2.2558181,11,2025,13,11
hulkenberg,-0.10411976,2.1570659,12,2025,13,12
tsunoda,-0.16646184,2.0266955,13,2025,13,13
stroll,-0.24107805,1.8809756,14,2025,13,14
ocon,-0.29975784,1.773776,15,2025,13,15
antonelli,-0.4214693,1.5705086,16,2025,13,16
alonso,-0.50392836,1.4462013,17,2025,13,17
colapinto,-0.5915372,1.3248926,18,2025,13,19
hadjar,-0.6133366,1.2963233,19,2025,13,20
sainz,-0.9509668,0.92487365,20,2025,13,18
norris,2.3961718,25.823137,1,2025,14,1
piastri,2.0061398,17.483171,2,2025,14,2
russell,1.360184,9.164001,3,2025,14,3
leclerc,1.2213473,7.9760747,4,2025,14,4
alonso,0.79778737,5.222031,5,2025,14,5
bortoleto,0.649838,4.50387,6,2025,14,6
stroll,0.5560946,4.1008477,7,2025,14,7
max_verstappen,0.40784225,3.535806,8,2025,14,9
lawson,0.1399137,2.704759,9,2025,14,8
antonelli,0.06947609,2.5207973,10,2025,14,10
hamilton,-0.0051143905,2.339611,11,2025,14,12
hadjar,-0.027786748,2.2871633,12,2025,14,11
hulkenberg,-0.13719122,2.0501392,13,2025,14,13
sainz,-0.2098602,1.9064423,14,2025,14,14
albon,-0.3044928,1.7343042,15,2025,14,15
ocon,-0.36305267,1.6356602,16,2025,14,16
tsunoda,-0.41689917,1.5499145,17,2025,14,17
colapinto,-0.52841824,1.3863587,18,2025,14,18
bearman,-0.56435025,1.3374283,19,2025,14,20
gasly,-1.1582632,0.7384778,20,2025,14,19
piastri,2.1492772,25.48334,1,2025,15,1
max_verstappen,1.6780305,15.907301,2,2025,15,2
hadjar,1.1713687,9.584205,3,2025,15,3
russell,1.0757165,8.709933,4,2025,15,4
albon,0.47405818,4.7721925,5,2025,15,5
bearman,0.3592382,4.2545366,6,2025,15,6
stroll,0.22745714,3.7292416,7,2025,15,7
alonso,0.16455692,3.5018961,8,2025,15,8
tsunoda,-0.053760227,2.8150706,9,2025,15,9
ocon,-0.100949,2.6853168,10,2025,15,10
colapinto,-0.16423407,2.5206418,11,2025,15,11
lawson,-0.21866317,2.3871129,12,2025,15,12
sainz,-0.26380816,2.2817423,13,2025,15,13
hulkenberg,-0.36054617,2.071352,14,2025,15,14
bortoleto,-0.40525427,1.9807853,15,2025,15,15
antonelli,-0.47864592,1.840619,16,2025,15,16
gasly,-0.5758748,1.6700823,17,2025,15,17
norris,-0.7130497,1.4560074,18,2025,15,18
leclerc,-0.85861045,1.2587729,19,2025,15,19
hamilton,-1.0026975,1.089861,20,2025,15,20
max_verstappen,1.8160826,18.498678,1,2025,16,1
norris,1.5632023,14.365348,2,2025,16,2
piastri,1.2240595,10.233597,3,2025,16,3
leclerc,1.025964,8.394532,4,2025,16,4
russell,0.89405274,7.357126,5,2025,16,5
hamilton,0.73745114,6.290672,6,2025,16,6
albon,0.44583356,4.6994724,7,2025,16,7
bortoleto,0.29468447,4.0402284,8,2025,16,8
antonelli,0.23645213,3.8116748,9,2025,16,9
hadjar,0.076341376,3.247736,10,2025,16,10
sainz,-0.019839838,2.9499161,11,2025,16,11
bearman,-0.094167836,2.7386055,12,2025,16,12
tsunoda,-0.21357137,2.4303744,13,2025,16,13
lawson,-0.2656244,2.3071022,14,2025,16,14
ocon,-0.3677696,2.0830789,15,2025,16,15
gasly,-0.61537904,1.6261865,16,2025,16,16
colapinto,-0.7307124,1.4490445,17,2025,16,17
stroll,-0.8321832,1.3092225,18,2025,16,18
alonso,-0.95254266,1.160759,19,2025,16,19
hulkenberg,-1.0949982,1.0066404,20,2025,16,20
max_verstappen,1.7974813,18.812077,1,2025,17,1
russell,1.4283837,13.005878,2,2025,17,2
sainz,1.1862298,10.208775,3,2025,17,3
antonelli,1.0528746,8.934251,4,2025,17,4
lawson,0.81372863,7.033935,5,2025,17,5
tsunoda,0.63390285,5.87626,6,2025,17,6
norris,0.5486991,5.396318,7,2025,17,7
hamilton,0.43209657,4.802393,8,2025,17,8
leclerc,0.34063688,4.382654,9,2025,17,9
hadjar,0.12722181,3.5403993,10,2025,17,10
bortoleto,-0.14462708,2.697676,11,2025,17,11
bearman,-0.17803667,2.6090367,12,2025,17,12
albon,-0.27096432,2.377509,13,2025,17,13
ocon,-0.41954592,2.0492458,14,2025,17,14
alonso,-0.47060758,1.9472346,15,2025,17,15
hulkenberg,-0.5908939,1.7265475,16,2025,17,16
stroll,-0.7446203,1.480526,17,2025,17,17
gasly,-0.94584924,1.2106633,18,2025,17,18
colapinto,-1.0827543,1.0557626,19,2025,17,19
piastri,-1.2961764,0.852861,20,2025,17,20
russell,1.832202,17.612064,1,2025,18,1
max_verstappen,1.7344671,15.972194,2,2025,18,2
norris,1.4795578,12.378238,3,2025,18,3
piastri,1.1237118,8.671953,4,2025,18,4
antonelli,0.8123871,6.351997,5,2025,18,5
leclerc,0.7050933,5.705756,6,2025,18,6
alonso,0.45661494,4.450414,7,2025,18,7
hamilton,0.42132276,4.296089,8,2025,18,8
bearman,0.2042021,3.457633,9,2025,18,9
sainz,0.08237986,3.0610626,10,2025,18,10
hadjar,-0.04474316,2.6956494,11,2025,18,11
tsunoda,-0.10641292,2.5344317,12,2025,18,12
stroll,-0.2629458,2.1672006,13,2025,18,13
albon,-0.32274684,2.041399,14,2025,18,14
lawson,-0.38508087,1.9180354,15,2025,18,15
colapinto,-0.52959216,1.6599543,16,2025,18,16
bortoleto,-0.5586365,1.6124355,17,2025,18,17
ocon,-0.79228526,1.2764682,18,2025,18,18
gasly,-0.9085936,1.1363127,19,2025,18,19
hulkenberg,-1.0356623,1.0007203,20,2025,18,20
norris,2.2151418,22.580189,1,2025,19,2
max_verstappen,1.9806807,17.860863,2,2025,19,1
leclerc,1.4760915,10.783559,3,2025,19,3
piastri,1.2518321,8.617226,4,2025,19,5
hamilton,0.9257323,6.2193384,5,2025,19,4
russell,0.84693295,5.7480702,6,2025,19,6
tsunoda,0.5131707,4.1169057,7,2025,19,7
hulkenberg,0.27626544,3.2485106,8,2025,19,8
bearman,0.18477608,2.9644966,9,2025,19,9
alonso,0.04456917,2.5766764,10,2025,19,10
lawson,-0.063352734,2.313076,11,2025,19,11
antonelli,-0.13443154,2.1543727,12,2025,19,13
stroll,-0.25614685,1.9074824,13,2025,19,12
albon,-0.34868744,1.7388843,14,2025,19,14
ocon,-0.41565955,1.6262418,15,2025,19,15
hadjar,-0.5021374,1.4915171,16,2025,19,16
colapinto,-0.62825716,1.314786,17,2025,19,17
bortoleto,-0.7898795,1.1185706,18,2025,19,18
gasly,-0.9894394,0.9162113,19,2025,19,19
sainz,-1.2543075,0.70301545,20,2025,19,20
norris,2.421637,28.408676,1,2025,20,1
leclerc,1.7110243,13.958405,2,2025,20,2
max_verstappen,1.4346448,10.587799,3,2025,20,3
piastri,1.0922953,7.518396,4,2025,20,5
bearman,0.79364085,5.5772643,5,2025,20,4
antonelli,0.6474723,4.8188243,6,2025,20,6
russell,0.5960741,4.5774026,7,2025,20,7
hamilton,0.4897283,4.1156054,8,2025,20,8
ocon,0.07607553,2.7213635,9,2025,20,9
bortoleto,-0.10322225,2.2746706,10,2025,20,10
tsunoda,-0.11749756,2.2424302,11,2025,20,11
albon,-0.18890786,2.0878813,12,2025,20,12
hadjar,-0.26580763,1.9333416,13,2025,20,13
stroll,-0.40126047,1.6884267,14,2025,20,14
gasly,-0.4691089,1.5776696,15,2025,20,15
colapinto,-0.5557578,1.4467213,16,2025,20,16
sainz,-0.60339653,1.3794173,17,2025,20,17
alonso,-0.8068018,1.125532,18,2025,20,18
hulkenberg,-0.87963504,1.0464699,19,2025,20,19
lawson,-1.01531,0.91370034,20,2025,20,20
norris,1.7994661,19.14979,1,2025,21,1
antonelli,1.3207599,11.864912,2,2025,21,2
max_verstappen,1.2086688,10.6067915,3,2025,21,3
russell,0.9177731,7.929569,4,2025,21,4
piastri,0.7552164,6.7398787,5,2025,21,5
bearman,0.62339187,5.9074683,6,2025,21,6
lawson,0.40921766,4.768554,7,2025,21,7
hadjar,0.22750744,3.9762254,8,2025,21,8
hulkenberg,0.17818205,3.7848547,9,2025,21,9
gasly,0.05708175,3.3531737,10,2025,21,10
albon,-0.022036288,3.098101,11,2025,21,11
ocon,-0.099396564,2.8674667,12,2025,21,12
sainz,-0.1705387,2.6705565,13,2025,21,13
alonso,-0.19458231,2.6071126,14,2025,21,14
colapinto,-0.32800546,2.2814703,15,2025,21,15
stroll,-0.4474913,2.0245235,16,2025,21,16
tsunoda,-0.5504193,1.8265085,17,2025,21,17
hamilton,-0.665587,1.627815,18,2025,21,18
leclerc,-0.7203154,1.5411211,19,2025,21,19
bortoleto,-0.8350202,1.3741089,20,2025,21,20
max_verstappen,1.8811941,21.16851,1,2025,22,1
russell,1.3892144,12.94274,2,2025,22,2
leclerc,1.0109308,8.866245,3,2025,22,4
antonelli,0.75697,6.877743,4,2025,22,3
sainz,0.70946354,6.558646,5,2025,22,5
hadjar,0.57880485,5.7553244,6,2025,22,6
hulkenberg,0.32636395,4.4713235,7,2025,22,7
hamilton,0.29173085,4.3191185,8,2025,22,8
ocon,0.15259893,3.7581227,9,2025,22,9
bearman,0.08068838,3.4973621,10,2025,22,10
alonso,-0.0057414137,3.2077804,11,2025,22,11
tsunoda,-0.12108475,2.8583252,12,2025,22,12
gasly,-0.21397837,2.6047642,13,2025,22,13
lawson,-0.3193879,2.3441727,14,2025,22,14
colapinto,-0.4498644,2.057427,15,2025,22,15
albon,-0.47400746,2.0083494,16,2025,22,16
bortoleto,-0.49497807,1.9666718,17,2025,22,17
stroll,-0.5894252,1.7894272,18,2025,22,18
norris,-0.6884068,1.6207901,19,2025,22,19
piastri,-0.88828915,1.3271466,20,2025,22,20
max_verstappen,2.4749448,26.556688,1,2025,23,1
piastri,2.0631225,17.592266,2,2025,23,2
norris,1.6601534,11.757487,3,2025,23,4
sainz,0.98065066,5.9595056,4,2025,23,3
russell,0.84420455,5.1993904,5,2025,23,6
antonelli,0.7462873,4.7144117,6,2025,23,5
alonso,0.52739775,3.7876077,7,2025,23,7
leclerc,0.41275674,3.3773568,8,2025,23,8
lawson,0.24917038,2.867691,9,2025,23,9
tsunoda,0.12584843,2.534979,10,2025,23,10
albon,0.069963455,2.3971972,11,2025,23,11
hamilton,0.0035904327,2.2432535,12,2025,23,12
bortoleto,-0.20167367,1.8269777,13,2025,23,13
colapinto,-0.275308,1.6972833,14,2025,23,14
ocon,-0.33450633,1.5997231,15,2025,23,15
gasly,-0.38296777,1.5240467,16,2025,23,16
stroll,-0.49375346,1.3642207,17,2025,23,17
hadjar,-0.6147217,1.2087841,18,2025,23,18
bearman,-0.71454996,1.093941,19,2025,23,19
hulkenberg,-1.1650438,0.6971833,20,2025,23,20
max_verstappen,2.674562,29.574945,1,2025,24,1
piastri,1.9861909,14.858268,2,2025,24,2
norris,1.7272861,11.469046,3,2025,24,3
leclerc,1.3451259,7.8263135,4,2025,24,4
russell,1.1238158,6.27254,5,2025,24,5
alonso,0.9819328,5.442826,6,2025,24,6
ocon,0.51702005,3.4191284,7,2025,24,7
hamilton,0.43657815,3.1548593,8,2025,24,8
hulkenberg,0.20725241,2.5083325,9,2025,24,9
stroll,0.023644906,2.0875907,10,2025,24,10
bortoleto,-0.04147896,1.9559709,11,2025,24,11
bearman,-0.10255335,1.8400857,12,2025,24,12
sainz,-0.15481631,1.7463872,13,2025,24,13
tsunoda,-0.23227,1.6162289,14,2025,24,14
antonelli,-0.3100942,1.4952171,15,2025,24,15
albon,-0.3911635,1.3787841,16,2025,24,16
hadjar,-0.5939312,1.1257331,17,2025,24,17
lawson,-0.83026505,0.88878536,18,2025,24,18
gasly,-1.0549393,0.7099408,19,2025,24,19
colapinto,-1.175962,0.62901735,20,2025,24,20
russell,4.846115,45.678284,1,2026,1,1
antonelli,4.154091,22.864803,2,2026,1,2
leclerc,3.4243798,11.021939,3,2026,1,3
hamilton,2.909213,6.584517,4,2026,1,4
norris,2.4350476,4.098232,5,2026,1,5
max_verstappen,2.0132225,2.68782,6,2026,1,6
bearman,1.6821216,1.9302117,7,2026,1,7
arvid_lindblad,1.3363484,1.3659586,8,2026,1,8
bortoleto,0.9778999,0.9544767,9,2026,1,9
gasly,0.65899134,0.69384915,10,2026,1,10
ocon,0.19072482,0.43440965,11,2026,1,11
albon,0.008090053,0.36189467,12,2026,1,12
lawson,-0.1266721,0.3162683,13,2026,1,13
colapinto,-0.32892913,0.2583549,14,2026,1,14
sainz,-0.55164564,0.20677215,15,2026,1,15
perez,-0.7828211,0.16409443,16,2026,1,16
stroll,-1.0296534,0.12820232,17,2026,1,17
alonso,-1.2479011,0.103065245,18,2026,1,18
bottas,-1.4434339,0.08476048,19,2026,1,19
hadjar,-1.7547226,0.06208724,20,2026,1,20
antonelli,4.2258124,25.2418,1,2026,2,1
antonelli,4.2258124,25.2418,1,2026,2,1
antonelli,4.068046,21.557743,2,2026,2,1
antonelli,4.068046,21.557743,2,2026,2,1
russell,3.4823666,12.001787,3,2026,2,2
russell,3.4823666,12.001787,3,2026,2,2
russell,3.2967353,9.968441,4,2026,2,2
russell,3.2967353,9.968441,4,2026,2,2
hamilton,2.7207105,5.603546,5,2026,2,3
hamilton,2.7207105,5.603546,5,2026,2,3
hamilton,2.7099013,5.5433016,6,2026,2,3
hamilton,2.7099013,5.5433016,6,2026,2,3
leclerc,2.1873133,3.2870889,7,2026,2,4
leclerc,2.1873133,3.2870889,7,2026,2,4
leclerc,2.136936,3.1255956,8,2026,2,4
leclerc,2.136936,3.1255956,8,2026,2,4
bearman,1.5085618,1.6673757,9,2026,2,5
bearman,1.5085618,1.6673757,9,2026,2,5
bearman,1.4797136,1.6199615,10,2026,2,5
bearman,1.4797136,1.6199615,10,2026,2,5
gasly,1.1314019,1.1434968,11,2026,2,6
gasly,1.1314019,1.1434968,11,2026,2,6
gasly,1.1306123,1.1425942,12,2026,2,6
gasly,1.1306123,1.1425942,12,2026,2,6
lawson,0.90409327,0.91099507,13,2026,2,7
lawson,0.90409327,0.91099507,13,2026,2,7
lawson,0.8875812,0.8960764,14,2026,2,7
lawson,0.8875812,0.8960764,14,2026,2,7
hadjar,0.62894404,0.6918632,15,2026,2,8
hadjar,0.62894404,0.6918632,15,2026,2,8
hadjar,0.60470366,0.67529386,16,2026,2,8
hadjar,0.60470366,0.67529386,16,2026,2,8
sainz,0.32277128,0.5093908,17,2026,2,9
sainz,0.32277128,0.5093908,17,2026,2,9
sainz,0.32277128,0.5093908,17,2026,2,9
sainz,0.32277128,0.5093908,17,2026,2,9
colapinto,0.11231995,0.41271782,19,2026,2,10
colapinto,0.11231995,0.41271782,19,2026,2,10
colapinto,0.087050505,0.40241933,20,2026,2,10
colapinto,0.087050505,0.40241933,20,2026,2,10
hulkenberg,-0.09974711,0.33385175,21,2026,2,11
hulkenberg,-0.09974711,0.33385175,21,2026,2,11
hulkenberg,-0.103279635,0.33267453,22,2026,2,11
hulkenberg,-0.103279635,0.33267453,22,2026,2,11
arvid_lindblad,-0.26610103,0.28268784,23,2026,2,12
arvid_lindblad,-0.26610103,0.28268784,23,2026,2,12
arvid_lindblad,-0.27235097,0.28092661,24,2026,2,12
arvid_lindblad,-0.27235097,0.28092661,24,2026,2,12
bottas,-0.47903162,0.2284718,25,2026,2,13
bottas,-0.47903162,0.2284718,25,2026,2,13
bottas,-0.51077664,0.22133288,26,2026,2,13
bottas,-0.51077664,0.22133288,26,2026,2,13
ocon,-0.66097265,0.19046561,27,2026,2,14
ocon,-0.66097265,0.19046561,27,2026,2,14
ocon,-0.6650105,0.18969809,28,2026,2,14
ocon,-0.6650105,0.18969809,28,2026,2,14
perez,-0.8563548,0.15666184,29,2026,2,15
max_verstappen,-0.9893443,0.13715342,30,2026,2,16
max_verstappen,-0.9893443,0.13715342,30,2026,2,16
max_verstappen,-1.0444756,0.12979661,31,2026,2,16
max_verstappen,-1.0444756,0.12979661,31,2026,2,16
stroll,-1.3604428,0.094632566,32,2026,2,18
stroll,-1.3604428,0.094632566,32,2026,2,18
stroll,-1.4232743,0.08886957,33,2026,2,18
stroll,-1.4232743,0.08886957,33,2026,2,18
norris,-1.5511062,0.07820537,34,2026,2,20
norris,-1.5511062,0.07820537,34,2026,2,20
alonso,-1.6419541,0.07141375,35,2026,2,17
alonso,-1.6419541,0.07141375,35,2026,2,17
norris,-1.6647375,0.069805086,36,2026,2,20
norris,-1.6647375,0.069805086,36,2026,2,20
alonso,-1.6724689,0.06926749,37,2026,2,17
alonso,-1.6724689,0.06926749,37,2026,2,17
piastri,-1.706435,0.066954255,38,2026,2,19
piastri,-1.706435,0.066954255,38,2026,2,19
piastri,-1.7170602,0.06624661,39,2026,2,19
piastri,-1.7170602,0.06624661,39,2026,2,19
antonelli,3.4510603,43.94152,1,2026,3,1
piastri,2.1777341,12.299192,2,2026,3,2
leclerc,1.9523011,9.816853,3,2026,3,3
russell,1.7451655,7.9802113,4,2026,3,4
norris,1.4001147,5.6514597,5,2026,3,5
hamilton,1.0822558,4.1126,6,2026,3,6
gasly,0.7088577,2.8310769,7,2026,3,7
max_verstappen,0.47849262,2.248565,8,2026,3,8
lawson,0.15803196,1.6320411,9,2026,3,9
ocon,0.017556705,1.4181541,10,2026,3,10
hulkenberg,-0.13197605,1.221187,11,2026,3,11
hadjar,-0.1687764,1.1770637,12,2026,3,12
bortoleto,-0.26872936,1.0651014,13,2026,3,13
arvid_lindblad,-0.3710828,0.96147823,14,2026,3,14
sainz,-0.45408115,0.88489914,15,2026,3,15
colapinto,-0.56248987,0.7939852,16,2026,3,16
perez,-0.81346583,0.61775285,17,2026,3,17
alonso,-0.94950056,0.53918254,18,2026,3,18
bottas,-1.1386154,0.4462767,19,2026,3,19
albon,-1.3495803,0.36139604,20,2026,3,20
antonelli,3.217383,39.678513,1,2026,4,1
norris,2.1969483,14.301653,2,2026,4,2
piastri,1.8529657,10.139034,3,2026,4,3
russell,1.5853108,7.758102,4,2026,4,4
max_verstappen,1.2743038,5.684429,5,2026,4,5
hamilton,0.9912575,4.283131,6,2026,4,6
colapinto,0.6465314,3.0342317,7,2026,4,7
leclerc,0.54712313,2.7471116,8,2026,4,8
sainz,0.25572705,2.0526958,9,2026,4,9
albon,0.089562505,1.738442,10,2026,4,10
bearman,-0.01834858,1.5606121,11,2026,4,11
bortoleto,-0.22375417,1.2708331,12,2026,4,12
ocon,-0.36725625,1.100947,13,2026,4,13
arvid_lindblad,-0.44353744,1.0200886,14,2026,4,14
alonso,-0.64987135,0.82990474,15,2026,4,15
perez,-0.7996062,0.7144948,16,2026,4,16
stroll,-0.8989673,0.6469151,17,2026,4,17
bottas,-1.0615884,0.54982156,18,2026,4,18
hulkenberg,-1.1651082,0.49575105,19,2026,4,19
lawson,-1.3966279,0.39329273,20,2026,4,20
antonelli,3.2403698,46.58765,1,2026,5,1
hamilton,2.32298,18.614588,2,2026,5,2
max_verstappen,1.8299605,11.369408,3,2026,5,3
leclerc,1.4574909,7.8338704,4,2026,5,4
hadjar,0.9237662,4.593911,5,2026,5,5
colapinto,0.5980691,3.3169143,6,2026,5,6
lawson,0.2745808,2.4001865,7,2026,5,7
gasly,0.04440591,1.9066954,8,2026,5,8
sainz,-0.27727666,1.3822174,9,2026,5,9
bearman,-0.6836514,0.92064047,10,2026,5,10
piastri,-0.9830774,0.68241876,11,2026,5,11
hulkenberg,-1.5387669,0.39148772,12,2026,5,12
